model,system,batch,lin,lout,prefill_latency(ms),decode_latency(ms),e2e_latency(ms),comp_pct,comm_pct,queue_pct,decode_throughput(tok/s),total_energy(J)
LLAMA2-7B,DDR5-M4-R4-C8-8-A2,8,128,2048,337.748,5060.533,5398.281,49.5,4.54,45.96,3237.6,609.56
LLAMA2-7B,DDR5-M4-R4-C8-8-A2,8,2048,2048,6008.871,7783.419,13792.29,36.85,17.05,46.1,2104.99,1370.61
LLAMA2-7B,DDR5-M4-R4-C8-8-A2,4,128,2048,165.184,4039.106,4204.29,61.55,2.56,35.89,2028.17,499.89
LLAMA2-7B,DDR5-M4-R4-C8-8-A2,4,2048,2048,3004.418,5399.961,8404.379,45.84,13.95,40.21,1517.05,880.45
LLAMA2-7B,DDR5-M4-R4-C8-8-A2,4,2048,128,3004.418,291.691,3296.108,42.78,34.35,22.87,1755.28,278.09
LLAMA2-7B,DDR5-M4-R4-C8-8-A2,8,2048,128,6008.871,396.231,6405.103,41.09,35.13,23.78,2584.35,531.97
LLAMA2-7B,DDR5-M4-R4-C8-8-A2,1,128,2048,41.071,3150.319,3191.39,71.09,1.86,27.05,650.09,372.98
LLAMA2-7B,DDR5-M4-R4-C8-8-A2,1,2048,128,783.253,206.901,990.155,48.25,29.96,21.79,618.65,84.94
LLAMA2-7B,DDR5-M4-R4-C8-8-A2,4,128,128,163.478,202.855,366.332,62.63,18.38,18.99,2523.97,38.47
LLAMA2-7B,DDR5-M4-R4-C8-8-A2,1,128,128,40.599,181.112,221.71,70.25,8.48,21.27,706.74,25.0
LLAMA2-7B,DDR5-M4-R4-C8-8-A2,8,128,128,334.335,218.226,552.561,55.43,25.95,18.62,4692.38,52.81
LLAMA2-7B,DDR5-M4-R4-C8-8-A2,1,2048,2048,783.253,3551.736,4334.989,61.8,7.78,30.42,576.62,468.19
LLAMA2-7B,DDR5-M4-R2-C8-8-A2,1,2048,2048,1172.528,6553.292,7725.821,65.98,4.69,29.34,312.51,442.74
LLAMA2-7B,DDR5-M4-R2-C8-8-A2,8,2048,2048,9380.288,14699.97,24080.258,39.03,10.45,50.51,1114.56,1271.2
LLAMA2-7B,DDR5-M4-R2-C8-8-A2,4,2048,2048,4690.126,10206.021,14896.147,47.8,8.44,43.76,802.66,828.61
LLAMA3-70B,H100-2,1,32,32,100.94,1975.1,2214.1,0.0,0.0,0.0,16.20171130575667,1239.896
LLAMA3-70B,H100-2,1,32,64,81.466,3930.1,4262.2,0.0,0.0,0.0,16.284572911630747,2386.832
LLAMA3-70B,H100-2,1,32,128,71.841,7821.2,8338.7,0.0,0.0,0.0,16.365775072878844,4669.672
LLAMA3-70B,H100-2,1,32,256,82.3,15818.0,16734.0,0.0,0.0,0.0,16.184094070046783,9371.04
LLAMA3-70B,H100-2,1,32,512,93.201,32048.0,33792.0,0.0,0.0,0.0,15.97603594608088,18923.52
LLAMA3-70B,H100-2,1,32,1024,80.232,63377.0,67130.0,0.0,0.0,0.0,16.15728103255124,37592.8
LLAMA3-70B,H100-2,1,32,2048,92.174,127350.0,133860.0,0.0,0.0,0.0,16.08166470357283,74961.6
LLAMA3-70B,H100-2,1,32,3584,116.69,220970.0,232870.0,0.0,0.0,0.0,16.21939629814002,130407.2
LLAMA3-70B,H100-2,1,64,32,100.98,1973.1,2217.5,0.0,0.0,0.0,16.21813390096802,1241.8
LLAMA3-70B,H100-2,1,64,64,69.953,3977.5,4255.8,0.0,0.0,0.0,16.090509113764927,2383.248
LLAMA3-70B,H100-2,1,64,128,88.75,8094.1,8612.8,0.0,0.0,0.0,15.81398796654353,4823.168
LLAMA3-70B,H100-2,1,64,256,101.3,2308.8,2519.3,0.0,0.0,0.0,110.88011088011088,1410.808
LLAMA3-70B,H100-2,1,64,512,100.35,31360.0,33275.0,0.0,0.0,0.0,16.3265306122449,18634.0
LLAMA3-70B,H100-2,1,64,1024,83.503,63245.0,66775.0,0.0,0.0,0.0,16.191003241362953,37394.0
LLAMA3-70B,H100-2,1,64,2048,106.06,435.69,570.4,0.0,0.0,0.0,4700.589868943515,319.424
LLAMA3-70B,H100-2,1,128,32,83.117,1968.7,2197.7,0.0,0.0,0.0,16.25438106364606,1230.712
LLAMA3-70B,H100-2,1,128,64,99.868,3814.8,4174.7,0.0,0.0,0.0,16.77676418160847,2337.832
LLAMA3-70B,H100-2,1,128,128,117.06,7980.6,8506.7,0.0,0.0,0.0,16.038894318722903,4763.752
LLAMA3-70B,H100-2,1,128,256,96.631,15900.0,16715.0,0.0,0.0,0.0,16.10062893081761,9360.4
LLAMA3-70B,H100-2,1,128,512,109.67,8003.3,8646.6,0.0,0.0,0.0,63.97361088550973,4842.096
LLAMA3-70B,H100-2,1,128,1024,64.608,63700.0,67301.0,0.0,0.0,0.0,16.07535321821036,37688.56
LLAMA3-70B,H100-2,1,128,2048,88.295,24664.0,26208.0,0.0,0.0,0.0,83.03600389231268,14676.48
LLAMA3-70B,H100-2,1,256,32,84.376,1848.2,2092.6,0.0,0.0,0.0,17.31414349096418,1171.856
LLAMA3-70B,H100-2,1,256,64,107.77,3873.9,4246.7,0.0,0.0,0.0,16.520818813082425,2378.152
LLAMA3-70B,H100-2,1,256,128,86.906,6096.0,6610.9,0.0,0.0,0.0,20.99737532808399,3702.104
LLAMA3-70B,H100-2,1,256,256,77.653,15750.0,16647.0,0.0,0.0,0.0,16.253968253968253,9322.32
LLAMA3-70B,H100-2,1,256,512,93.207,17800.0,18946.0,0.0,0.0,0.0,28.764044943820224,10609.76
LLAMA3-70B,H100-2,1,256,1024,108.44,63835.0,67235.0,0.0,0.0,0.0,16.04135662254249,37651.6
LLAMA3-70B,H100-2,1,256,2048,87.007,127350.0,134810.0,0.0,0.0,0.0,16.08166470357283,75493.6
LLAMA3-70B,H100-2,1,512,32,275.81,1916.6,2389.1,0.0,0.0,0.0,16.69623291244913,1337.896
LLAMA3-70B,H100-2,1,512,64,140.64,3825.0,4186.6,0.0,0.0,0.0,16.73202614379085,2344.496
LLAMA3-70B,H100-2,1,512,128,140.29,7694.4,8403.4,0.0,0.0,0.0,16.635475150758996,4705.904
LLAMA3-70B,H100-2,1,512,256,137.18,15685.0,16847.0,0.0,0.0,0.0,16.321326107746255,9434.32
LLAMA3-70B,H100-2,1,512,512,143.63,31735.0,33413.0,0.0,0.0,0.0,16.13360642823381,18711.28
LLAMA3-70B,H100-2,1,512,1024,143.13,27910.0,29877.0,0.0,0.0,0.0,36.689358652812615,16731.12
LLAMA3-70B,H100-2,1,2048,128,477.81,7765.2,8688.1,0.0,0.0,0.0,16.48379951578839,4865.336
LLAMA3-70B,H100-2,1,2048,2048,482.65,129890.0,138110.0,0.0,0.0,0.0,15.767187620294097,77341.6
LLAMA3-70B,H100-2,4,128,128,396.53,7897.1,8812.2,0.0,0.0,0.0,64.8339263780375,4934.832
LLAMA3-70B,H100-2,4,128,2048,167.94,130710.0,138570.0,0.0,0.0,0.0,62.67309310687782,77599.2
LLAMA3-70B,H100-2,4,2048,128,1849.2,7804.2,10031.0,0.0,0.0,0.0,65.60569949514364,5617.36
LLAMA3-70B,H100-2,4,2048,2048,1839.6,127510.0,135070.0,0.0,0.0,0.0,64.24594149478472,75639.2
LLAMA3-70B,H100-2,8,32,64,137.23,3907.6,4274.2,0.0,0.0,0.0,131.02671716654726,2393.552
LLAMA3-70B,H100-2,8,128,128,417.52,7966.9,8868.8,0.0,0.0,0.0,128.5318003238399,4966.528
LLAMA3-70B,H100-2,8,128,256,370.37,16032.0,17236.0,0.0,0.0,0.0,127.7445109780439,9652.16
LLAMA3-70B,H100-2,8,128,2048,273.8,130160.0,138530.0,0.0,0.0,0.0,125.8758451137062,77576.8
LLAMA3-70B,H100-2,8,2048,128,3640.5,7929.4,11948.0,0.0,0.0,0.0,129.13965747723665,6690.88
LLAMA3-70B,H100-2,8,2048,2048,3232.0,130770.0,140720.0,0.0,0.0,0.0,125.28867477250134,78803.2
MISTRAL-7B,DDR5-M4-R4-C8-8-A2,8,2048,128,6121.88,294.843,6416.723,43.63,32.76,23.61,3473.03,531.19
MISTRAL-7B,DDR5-M4-R4-C8-8-A2,8,2048,2048,6121.88,5304.493,11426.373,47.58,19.28,33.13,3088.7,1105.36
MISTRAL-7B,DDR5-M4-R4-C8-8-A2,4,2048,128,3093.926,248.912,3342.839,46.21,32.4,21.39,2056.95,278.84
MISTRAL-7B,DDR5-M4-R4-C8-8-A2,1,128,2048,42.492,3082.875,3125.368,73.55,1.85,24.6,664.31,366.15
MISTRAL-7B,DDR5-M4-R4-C8-8-A2,1,2048,2048,855.137,3256.253,4111.39,70.17,8.82,21.0,628.94,438.94
MISTRAL-7B,DDR5-M4-R4-C8-8-A2,4,2048,2048,3093.926,4288.087,7382.013,56.54,15.22,28.24,1910.41,765.69
MISTRAL-7B,DDR5-M4-R4-C8-8-A2,8,128,128,344.779,234.737,579.516,54.72,22.27,23.01,4362.33,54.55
MISTRAL-7B,DDR5-M4-R4-C8-8-A2,1,2048,128,855.137,196.127,1051.264,55.23,30.66,14.11,652.64,85.13
MISTRAL-7B,DDR5-M4-R4-C8-8-A2,8,128,2048,344.779,4295.488,4640.267,60.48,4.97,34.55,3814.23,523.95
MISTRAL-7B,DDR5-M4-R4-C8-8-A2,4,128,2048,170.114,3783.584,3953.698,68.78,2.58,28.64,2165.14,474.92
MISTRAL-7B,DDR5-M4-R4-C8-8-A2,4,128,128,170.114,218.859,388.973,61.23,15.83,22.95,2339.41,40.45
MISTRAL-7B,DDR5-M4-R4-C8-8-A2,1,128,128,42.492,185.331,227.824,68.84,7.62,23.53,690.66,25.46
LLAMA2-7B,DDR5-M4-R4-C4-8-A2,8,2048,2048,9468.735,15113.866,24582.601,37.86,9.63,52.51,1084.04,1360.98
LLAMA2-7B,DDR5-M4-R4-C4-8-A2,4,2048,2048,4734.347,10412.901,15147.249,46.31,7.77,45.93,786.72,873.5
LLAMA2-7B,DDR5-M4-R4-C4-8-A2,1,2048,2048,1247.885,6826.656,8074.54,61.78,4.12,34.1,300.0,454.1
LLAMA2-7B,DDR5-M4-R2-C4-8-A2,4,2048,2048,7986.207,19926.409,27912.616,47.85,4.55,47.6,411.11,818.27
LLAMA2-7B,DDR5-M4-R2-C4-8-A2,8,2048,2048,15972.454,28847.426,44819.88,39.55,5.69,54.76,567.95,1256.57
LLAMA2-7B,DDR5-M4-R2-C4-8-A2,1,2048,2048,1996.546,13042.725,15039.271,65.24,2.38,32.38,157.02,441.53
LLAMA2-7B,DDR5-M4-R4-C16-8-A2,4,2048,2048,2112.967,2836.065,4949.031,43.56,23.9,32.54,2888.51,957.13
LLAMA2-7B,DDR5-M4-R4-C16-8-A2,8,2048,2048,4222.339,4060.777,8283.116,33.98,28.46,37.56,4034.7,1473.57
LLAMA2-7B,DDR5-M4-R4-C16-8-A2,1,2048,2048,559.797,2097.951,2657.748,65.91,13.02,21.07,976.19,511.23
LLAMA2-7B,H100,1,32,32,37.334,243.41,339.86,0.0,0.0,0.0,131.4654287005464,190.3216
LLAMA2-7B,H100,1,32,64,34.036,489.62,608.94,0.0,0.0,0.0,130.71361463992483,341.00640000000004
LLAMA2-7B,H100,1,32,128,34.705,982.48,1060.1,0.0,0.0,0.0,130.28255028092175,593.656
LLAMA2-7B,H100,1,32,256,33.47,1980.4,2019.1,0.0,0.0,0.0,129.26681478489195,1130.696
LLAMA2-7B,H100,1,32,512,32.817,4005.7,4046.2,0.0,0.0,0.0,127.81785955014104,2265.872
LLAMA2-7B,H100,1,32,1024,35.066,7919.2,8027.6,0.0,0.0,0.0,129.3059905040913,4495.456
LLAMA2-7B,H100,1,32,2048,32.826,16000.0,16049.0,0.0,0.0,0.0,128.0,8987.44
LLAMA2-7B,H100,1,32,3584,33.129,28390.0,28446.0,0.0,0.0,0.0,126.24163437830222,15929.76
LLAMA2-7B,H100,1,32,4064,33.992,32357.0,32420.0,0.0,0.0,0.0,125.5987885156226,18155.2
LLAMA2-7B,H100,1,64,32,34.868,239.03,363.71,0.0,0.0,0.0,133.8744090699912,203.6776
LLAMA2-7B,H100,1,64,64,34.573,486.9,525.95,0.0,0.0,0.0,131.44382830149928,294.532
LLAMA2-7B,H100,1,64,128,34.306,989.69,1028.7,0.0,0.0,0.0,129.33342763895766,576.072
LLAMA2-7B,H100,1,64,256,35.161,1989.6,2118.0,0.0,0.0,0.0,128.6690792119019,1186.08
LLAMA2-7B,H100,1,64,512,35.255,3969.2,4075.2,0.0,0.0,0.0,128.9932480096745,2282.112
LLAMA2-7B,H100,1,64,1024,33.171,7979.3,8022.4,0.0,0.0,0.0,128.33205920318824,4492.544
LLAMA2-7B,H100,1,64,2048,34.569,16036.0,16155.0,0.0,0.0,0.0,127.71264654527312,9046.8
LLAMA2-7B,H100,1,64,3584,34.276,962.01,1001.2,0.0,0.0,0.0,3725.532998617478,560.672
LLAMA2-7B,H100,1,128,32,34.514,243.19,318.32,0.0,0.0,0.0,131.5843579094535,178.2592
LLAMA2-7B,H100,1,128,64,33.818,490.03,528.9,0.0,0.0,0.0,130.60424871946617,296.184
LLAMA2-7B,H100,1,128,128,33.655,631.94,670.69,0.0,0.0,0.0,202.5508750830775,375.5864
LLAMA2-7B,H100,1,128,256,35.384,1976.0,2084.6,0.0,0.0,0.0,129.55465587044534,1167.376
LLAMA2-7B,H100,1,128,512,34.628,3976.9,4018.2,0.0,0.0,0.0,128.74349367597878,2250.192
LLAMA2-7B,H100,1,128,1024,34.542,8044.1,8090.7,0.0,0.0,0.0,127.2982682960182,4530.792
LLAMA2-7B,H100,1,128,2048,34.121,16169.0,16260.0,0.0,0.0,0.0,126.66213123879028,9105.6
LLAMA2-7B,H100,1,128,3584,35.339,28497.0,28627.0,0.0,0.0,0.0,125.76762466224515,16031.12
LLAMA2-7B,H100,1,256,32,34.03,241.94,280.84,0.0,0.0,0.0,132.26419773497562,157.2704
LLAMA2-7B,H100,1,256,64,34.611,489.92,559.7,0.0,0.0,0.0,130.63357282821684,313.432
LLAMA2-7B,H100,1,256,128,34.586,976.83,1053.9,0.0,0.0,0.0,131.03610658968296,590.184
LLAMA2-7B,H100,1,256,256,34.094,1995.4,2035.8,0.0,0.0,0.0,128.2950786809662,1140.048
LLAMA2-7B,H100,1,256,512,34.029,4007.4,4048.8,0.0,0.0,0.0,127.76363727104857,2267.328
LLAMA2-7B,H100,1,256,1024,35.194,8008.7,8099.3,0.0,0.0,0.0,127.86095121555309,4535.608
LLAMA2-7B,H100,1,256,2048,34.644,16071.0,16121.0,0.0,0.0,0.0,127.43450936469416,9027.76
LLAMA2-7B,H100,1,256,3584,34.151,28524.0,28625.0,0.0,0.0,0.0,125.6485766372178,16030.0
LLAMA2-7B,H100,1,512,32,33.32,248.84,287.21,0.0,0.0,0.0,128.59668863526764,160.83759999999998
LLAMA2-7B,H100,1,512,64,33.135,494.1,532.64,0.0,0.0,0.0,129.5284355393645,298.2784
LLAMA2-7B,H100,1,512,128,33.539,997.23,1039.7,0.0,0.0,0.0,128.35554485926014,582.232
LLAMA2-7B,H100,1,512,256,33.781,977.95,1020.0,0.0,0.0,0.0,261.77207423692414,571.2
LLAMA2-7B,H100,1,512,512,33.335,3976.2,4017.0,0.0,0.0,0.0,128.7661586439314,2249.52
LLAMA2-7B,H100,1,512,1024,33.876,8006.3,8073.8,0.0,0.0,0.0,127.89927931753743,4521.328
LLAMA2-7B,H100,1,512,2048,33.672,16130.0,16191.0,0.0,0.0,0.0,126.96838189708618,9066.96
LLAMA2-7B,H100,1,512,3584,32.93,28614.0,28670.0,0.0,0.0,0.0,125.25337247501224,16055.2
LLAMA2-7B,H100,1,1024,32,45.522,251.2,301.65,0.0,0.0,0.0,127.38853503184714,168.924
LLAMA2-7B,H100,1,1024,64,45.769,498.35,548.5,0.0,0.0,0.0,128.42379853516604,307.16
LLAMA2-7B,H100,1,1024,128,45.779,1002.3,1052.9,0.0,0.0,0.0,127.70627556619776,589.624
LLAMA2-7B,H100,1,1024,256,45.049,1997.6,2049.0,0.0,0.0,0.0,128.15378454144974,1147.44
LLAMA2-7B,H100,1,1024,512,47.064,3998.8,4115.0,0.0,0.0,0.0,128.03841152345703,2304.4
LLAMA2-7B,H100,1,1024,1024,44.959,8035.7,8090.9,0.0,0.0,0.0,127.4313376557114,4530.904
LLAMA2-7B,H100,1,1024,2048,46.05,16255.0,16317.0,0.0,0.0,0.0,125.9920024607813,9137.52
LLAMA2-7B,H100,1,2048,32,75.211,255.6,335.16,0.0,0.0,0.0,125.19561815336463,187.6896
LLAMA2-7B,H100,1,2048,64,76.957,508.41,680.48,0.0,0.0,0.0,125.88265376369463,381.0688
LLAMA2-7B,H100,1,2048,128,75.214,1017.3,1097.9,0.0,0.0,0.0,125.82325764277992,614.824
LLAMA2-7B,H100,1,2048,256,74.301,2036.9,2134.6,0.0,0.0,0.0,125.68118218861996,1195.376
LLAMA2-7B,H100,1,2048,512,74.602,4075.5,4157.8,0.0,0.0,0.0,125.62875720770458,2328.368
LLAMA2-7B,H100,1,2048,1024,74.219,8173.6,8333.7,0.0,0.0,0.0,125.28139375550552,4666.872
LLAMA2-7B,H100,1,2048,2048,74.499,16295.0,16394.0,0.0,0.0,0.0,125.682724762197,9180.64
LLAMA2-7B,H100,1,3584,32,130.32,260.64,450.45,0.0,0.0,0.0,122.77470841006752,252.252
LLAMA2-7B,H100,1,3584,64,128.95,518.66,652.32,0.0,0.0,0.0,123.39490224810088,365.2992
LLAMA2-7B,H100,1,3584,128,127.28,1031.2,1187.0,0.0,0.0,0.0,124.12723041117144,664.72
LLAMA2-7B,H100,1,3584,256,127.7,2064.7,2198.2,0.0,0.0,0.0,123.9889572334964,1230.992
LLAMA2-7B,H100,1,3584,512,129.31,4124.5,4356.0,0.0,0.0,0.0,124.13625894047765,2439.36
LLAMA2-7B,H100,1,4064,32,146.16,261.08,411.47,0.0,0.0,0.0,122.56779531178184,230.4232
LLAMA2-7B,H100,2,32,32,32.747,290.9,390.94,0.0,0.0,0.0,220.00687521485048,218.9264
LLAMA2-7B,H100,2,32,64,41.998,504.7,551.03,0.0,0.0,0.0,253.61600951060035,308.5768
LLAMA2-7B,H100,2,32,128,41.589,1012.9,1059.4,0.0,0.0,0.0,252.73965840655544,593.264
LLAMA2-7B,H100,2,32,256,32.963,2036.7,2158.1,0.0,0.0,0.0,251.3870476751608,1208.536
LLAMA2-7B,H100,2,32,512,41.91,4044.1,4108.5,0.0,0.0,0.0,253.20837763655695,2300.76
LLAMA2-7B,H100,2,32,1024,41.856,476.65,528.71,0.0,0.0,0.0,4296.653729151369,296.0776
LLAMA2-7B,H100,2,32,2048,42.283,16345.0,16490.0,0.0,0.0,0.0,250.59651269501376,9234.4
LLAMA2-7B,H100,2,32,3584,41.745,28497.0,28577.0,0.0,0.0,0.0,251.5352493244903,16003.12
LLAMA2-7B,H100,2,32,4064,42.471,33508.0,33618.0,0.0,0.0,0.0,242.56893876089293,18826.08
LLAMA2-7B,H100,2,64,32,34.635,263.73,388.21,0.0,0.0,0.0,242.6724301368824,217.3976
LLAMA2-7B,H100,2,64,64,42.311,500.19,548.93,0.0,0.0,0.0,255.9027569523581,307.4008
LLAMA2-7B,H100,2,64,128,42.62,1009.1,1110.9,0.0,0.0,0.0,253.69140818551185,622.104
LLAMA2-7B,H100,2,64,256,42.263,2001.5,2089.0,0.0,0.0,0.0,255.80814389208092,1169.84
LLAMA2-7B,H100,2,64,512,43.67,3987.3,4094.2,0.0,0.0,0.0,256.8153888596293,2292.752
LLAMA2-7B,H100,2,64,1024,42.123,8095.3,8148.4,0.0,0.0,0.0,252.9863006929947,4563.104
LLAMA2-7B,H100,2,64,2048,42.467,16278.0,16339.0,0.0,0.0,0.0,251.6279641233567,9149.84
LLAMA2-7B,H100,2,64,3584,42.942,3471.8,3537.4,0.0,0.0,0.0,2064.63505962325,1980.944
LLAMA2-7B,H100,2,128,32,42.437,249.03,295.71,0.0,0.0,0.0,256.997148937879,165.59759999999997
LLAMA2-7B,H100,2,128,64,42.465,510.2,558.48,0.0,0.0,0.0,250.88200705605647,312.7488
LLAMA2-7B,H100,2,128,128,42.349,1003.5,1050.7,0.0,0.0,0.0,255.107125062282,588.392
LLAMA2-7B,H100,2,128,256,42.791,2043.1,2132.4,0.0,0.0,0.0,250.59957907101955,1194.144
LLAMA2-7B,H100,2,128,512,42.211,4085.4,4135.2,0.0,0.0,0.0,250.64865129485483,2315.712
LLAMA2-7B,H100,2,128,1024,42.04,8121.6,8174.6,0.0,0.0,0.0,252.16706067769897,4577.776
LLAMA2-7B,H100,2,128,2048,33.131,16459.0,16510.0,0.0,0.0,0.0,248.86080563825263,9245.6
LLAMA2-7B,H100,2,128,3584,42.985,28381.0,28500.0,0.0,0.0,0.0,252.56333462527743,15960.0
LLAMA2-7B,H100,2,256,32,42.026,253.12,366.18,0.0,0.0,0.0,252.84450063211125,205.06080000000003
LLAMA2-7B,H100,2,256,64,33.669,522.54,650.92,0.0,0.0,0.0,244.95732384123704,364.5152
LLAMA2-7B,H100,2,256,128,41.477,1022.0,1068.4,0.0,0.0,0.0,250.48923679060664,598.304
LLAMA2-7B,H100,2,256,256,42.848,2055.5,2164.4,0.0,0.0,0.0,249.0878131841401,1212.064
LLAMA2-7B,H100,2,256,512,41.501,4105.2,4154.2,0.0,0.0,0.0,249.4397349702816,2326.352
LLAMA2-7B,H100,2,256,1024,41.89,8151.5,8233.8,0.0,0.0,0.0,251.24210268048824,4610.928
LLAMA2-7B,H100,2,256,2048,41.631,16503.0,16620.0,0.0,0.0,0.0,248.19729746106768,9307.2
LLAMA2-7B,H100,2,256,3584,41.701,28612.0,28682.0,0.0,0.0,0.0,250.5242555571089,16061.92
LLAMA2-7B,H100,2,512,32,53.846,253.36,311.44,0.0,0.0,0.0,252.6049889485317,174.4064
LLAMA2-7B,H100,2,512,64,53.904,513.2,661.73,0.0,0.0,0.0,249.41543257989085,370.5688
LLAMA2-7B,H100,2,512,128,55.337,1034.4,1166.1,0.0,0.0,0.0,247.48646558391337,653.016
LLAMA2-7B,H100,2,512,256,54.702,2025.6,2143.4,0.0,0.0,0.0,252.7646129541864,1200.304
LLAMA2-7B,H100,2,512,512,32.076,4135.0,4174.4,0.0,0.0,0.0,247.64207980652964,2337.664
LLAMA2-7B,H100,2,512,1024,54.629,8169.8,8291.1,0.0,0.0,0.0,250.6793311953781,4643.016
LLAMA2-7B,H100,2,512,2048,54.165,16148.0,16262.0,0.0,0.0,0.0,253.6537032449839,9106.72
LLAMA2-7B,H100,2,512,3584,54.295,29810.0,29893.0,0.0,0.0,0.0,240.4562227440456,16740.08
LLAMA2-7B,H100,2,1024,32,82.26,253.39,364.93,0.0,0.0,0.0,252.57508188957732,204.3608
LLAMA2-7B,H100,2,1024,64,81.869,513.73,661.06,0.0,0.0,0.0,249.1581180775894,370.1936
LLAMA2-7B,H100,2,1024,128,81.925,1019.2,1136.1,0.0,0.0,0.0,251.1773940345369,636.216
LLAMA2-7B,H100,2,1024,256,82.136,2051.2,2139.3,0.0,0.0,0.0,249.609984399376,1198.008
LLAMA2-7B,H100,2,1024,512,82.702,4074.7,4195.4,0.0,0.0,0.0,251.30684467568165,2349.424
LLAMA2-7B,H100,2,1024,1024,82.635,8206.6,8300.4,0.0,0.0,0.0,249.5552360295372,4648.224
LLAMA2-7B,H100,2,1024,2048,81.419,16782.0,16923.0,0.0,0.0,0.0,244.0710284828984,9476.88
LLAMA2-7B,H100,2,2048,32,148.99,260.67,421.66,0.0,0.0,0.0,245.52115701845244,236.1296
LLAMA2-7B,H100,2,2048,64,149.3,525.02,693.38,0.0,0.0,0.0,243.8002361814788,388.2928
LLAMA2-7B,H100,2,2048,128,152.04,1045.4,1202.7,0.0,0.0,0.0,244.8823416873924,673.512
LLAMA2-7B,H100,2,2048,256,151.73,2091.7,2291.7,0.0,0.0,0.0,244.77697566572647,1283.352
LLAMA2-7B,H100,2,2048,512,148.4,4208.9,4365.1,0.0,0.0,0.0,243.29397229679967,2444.456
LLAMA2-7B,H100,2,2048,1024,149.1,8517.0,8770.7,0.0,0.0,0.0,240.4602559586709,4911.592
LLAMA2-7B,H100,2,2048,2048,150.71,17584.0,17754.0,0.0,0.0,0.0,232.93903548680615,9942.24
LLAMA2-7B,H100,2,3584,32,258.76,272.28,585.93,0.0,0.0,0.0,235.05215219626857,328.1208
LLAMA2-7B,H100,2,3584,64,257.24,548.83,810.98,0.0,0.0,0.0,233.2234025107957,454.1488
LLAMA2-7B,H100,2,3584,128,257.66,1116.2,1442.6,0.0,0.0,0.0,229.3495789285074,807.856
LLAMA2-7B,H100,2,3584,256,261.29,2230.2,2565.2,0.0,0.0,0.0,229.5758227961618,1436.512
LLAMA2-7B,H100,2,3584,512,255.51,4487.3,4750.8,0.0,0.0,0.0,228.19958549684665,2660.448
LLAMA2-7B,H100,2,4064,32,294.36,276.65,575.81,0.0,0.0,0.0,231.339237303452,322.4536
LLAMA2-7B,H100,4,32,32,42.261,241.67,329.81,0.0,0.0,0.0,529.6478669259735,184.6936
LLAMA2-7B,H100,4,32,64,33.973,510.19,629.51,0.0,0.0,0.0,501.77384895823127,352.5256
LLAMA2-7B,H100,4,32,128,34.739,998.55,1094.3,0.0,0.0,0.0,512.7434780431626,612.808
LLAMA2-7B,H100,4,32,256,42.928,1958.8,2049.4,0.0,0.0,0.0,522.7690422707781,1147.664
LLAMA2-7B,H100,4,32,512,41.184,3941.3,3994.4,0.0,0.0,0.0,519.6255042752391,2236.864
LLAMA2-7B,H100,4,32,1024,42.345,8213.4,8290.6,0.0,0.0,0.0,498.697250834003,4642.736
LLAMA2-7B,H100,4,32,2048,42.515,16868.0,16928.0,0.0,0.0,0.0,485.6533080388902,9479.68
LLAMA2-7B,H100,4,32,3584,40.466,31540.0,31626.0,0.0,0.0,0.0,454.53392517438175,17710.56
LLAMA2-7B,H100,4,32,4064,42.303,35989.0,36063.0,0.0,0.0,0.0,451.6935730362055,20195.28
LLAMA2-7B,H100,4,64,32,40.903,242.49,287.88,0.0,0.0,0.0,527.8568188378902,161.2128
LLAMA2-7B,H100,4,64,64,41.108,483.82,540.79,0.0,0.0,0.0,529.122400892894,302.84239999999994
LLAMA2-7B,H100,4,64,128,33.65,1000.2,1130.8,0.0,0.0,0.0,511.8976204759048,633.248
LLAMA2-7B,H100,4,64,256,40.724,1988.6,2035.0,0.0,0.0,0.0,514.9351302423815,1139.6
LLAMA2-7B,H100,4,64,512,41.33,3951.8,4022.7,0.0,0.0,0.0,518.2448504478972,2252.712
LLAMA2-7B,H100,4,64,1024,40.891,8195.7,8248.1,0.0,0.0,0.0,499.7742718742755,4618.936
LLAMA2-7B,H100,4,64,2048,42.057,16797.0,16918.0,0.0,0.0,0.0,487.7061380008335,9474.08
LLAMA2-7B,H100,4,64,3584,41.025,29243.0,29313.0,0.0,0.0,0.0,490.2369797900352,16415.28
LLAMA2-7B,H100,4,128,32,43.163,254.18,355.74,0.0,0.0,0.0,503.5801400582265,199.2144
LLAMA2-7B,H100,4,128,64,41.149,481.88,538.48,0.0,0.0,0.0,531.2525940068067,301.5488
LLAMA2-7B,H100,4,128,128,33.469,992.64,1030.8,0.0,0.0,0.0,515.7962604771116,577.248
LLAMA2-7B,H100,4,128,256,41.265,1960.9,2008.1,0.0,0.0,0.0,522.2091896578102,1124.536
LLAMA2-7B,H100,4,128,512,41.901,3960.3,4010.1,0.0,0.0,0.0,517.1325404641062,2245.656
LLAMA2-7B,H100,4,128,1024,42.736,8103.1,8246.7,0.0,0.0,0.0,505.4855549110834,4618.152
LLAMA2-7B,H100,4,128,2048,43.071,16961.0,17098.0,0.0,0.0,0.0,482.9903897175874,9574.88
LLAMA2-7B,H100,4,128,3584,43.008,31893.0,31965.0,0.0,0.0,0.0,449.5030257423259,17900.4
LLAMA2-7B,H100,4,256,32,54.744,240.31,325.94,0.0,0.0,0.0,532.6453331113978,182.5264
LLAMA2-7B,H100,4,256,64,34.472,520.74,646.39,0.0,0.0,0.0,491.6080961708338,361.9784
LLAMA2-7B,H100,4,256,128,54.464,1007.1,1066.2,0.0,0.0,0.0,508.3904279614735,597.072
LLAMA2-7B,H100,4,256,256,42.139,2069.5,2149.4,0.0,0.0,0.0,494.80550857695096,1203.664
LLAMA2-7B,H100,4,256,512,34.727,4031.6,4152.3,0.0,0.0,0.0,507.9869034626451,2325.288
LLAMA2-7B,H100,4,256,1024,54.464,8360.3,8436.4,0.0,0.0,0.0,489.9345717258951,4724.384
LLAMA2-7B,H100,4,256,2048,54.856,17108.0,17181.0,0.0,0.0,0.0,478.8403086275427,9621.36
LLAMA2-7B,H100,4,256,3584,42.096,31610.0,31704.0,0.0,0.0,0.0,453.527364757988,17754.24
LLAMA2-7B,H100,4,512,32,82.452,247.43,334.49,0.0,0.0,0.0,517.3180293416319,187.3144
LLAMA2-7B,H100,4,512,64,69.292,529.55,603.2,0.0,0.0,0.0,483.4293267868946,337.792
LLAMA2-7B,H100,4,512,128,32.81,1064.8,1187.4,0.0,0.0,0.0,480.84147257700977,664.944
LLAMA2-7B,H100,4,512,256,69.238,2048.8,2123.8,0.0,0.0,0.0,499.8047637641546,1189.328
LLAMA2-7B,H100,4,512,512,69.804,4113.9,4191.1,0.0,0.0,0.0,497.8244488198547,2347.016
LLAMA2-7B,H100,4,512,1024,69.084,8435.2,8515.4,0.0,0.0,0.0,485.5842185128983,4768.624
LLAMA2-7B,H100,4,512,2048,54.709,17489.0,17587.0,0.0,0.0,0.0,468.4087140488307,9848.72
LLAMA2-7B,H100,4,512,3584,54.392,32139.0,32245.0,0.0,0.0,0.0,446.0624163788544,18057.2
LLAMA2-7B,H100,4,1024,32,46.485,372.66,509.39,0.0,0.0,0.0,343.4766274888638,285.25839999999994
LLAMA2-7B,H100,4,1024,64,83.492,599.03,754.06,0.0,0.0,0.0,427.35756139091535,422.2736
LLAMA2-7B,H100,4,1024,128,83.239,1122.0,1250.9,0.0,0.0,0.0,456.3279857397504,700.504
LLAMA2-7B,H100,4,1024,256,83.009,2176.7,2313.6,0.0,0.0,0.0,470.4368998943355,1295.616
LLAMA2-7B,H100,4,1024,512,45.371,4370.2,4423.3,0.0,0.0,0.0,468.6284380577548,2477.048
LLAMA2-7B,H100,4,1024,1024,83.038,8787.8,8882.1,0.0,0.0,0.0,466.100730558274,4973.976
LLAMA2-7B,H100,4,1024,2048,83.186,18337.0,18450.0,0.0,0.0,0.0,446.74701423351695,10332.0
LLAMA2-7B,H100,4,2048,32,75.255,498.05,659.36,0.0,0.0,0.0,257.00230900512,369.24160000000006
LLAMA2-7B,H100,4,2048,64,152.17,713.19,874.05,0.0,0.0,0.0,358.9506302668293,489.468
LLAMA2-7B,H100,4,2048,128,219.55,1202.9,1427.6,0.0,0.0,0.0,425.6380413999501,799.456
LLAMA2-7B,H100,4,2048,256,151.46,2438.7,2605.1,0.0,0.0,0.0,419.89584614753767,1458.856
LLAMA2-7B,H100,4,2048,512,153.56,4772.2,4991.3,0.0,0.0,0.0,429.15217300196974,2795.128
LLAMA2-7B,H100,4,2048,1024,76.562,9528.8,9692.5,0.0,0.0,0.0,429.8547561077996,5427.8
LLAMA2-7B,H100,4,2048,2048,292.92,20125.0,20532.0,0.0,0.0,0.0,407.055900621118,11497.92
LLAMA2-7B,H100,4,3584,32,260.04,562.58,872.85,0.0,0.0,0.0,227.52319670091364,488.796
LLAMA2-7B,H100,4,3584,64,262.84,909.96,1177.6,0.0,0.0,0.0,281.33104751857223,659.456
LLAMA2-7B,H100,4,3584,128,259.73,1562.0,1863.2,0.0,0.0,0.0,327.78489116517284,1043.392
LLAMA2-7B,H100,4,3584,256,258.18,2897.7,3162.0,0.0,0.0,0.0,353.3837181212686,1770.72
LLAMA2-7B,H100,4,3584,512,258.13,5629.5,5895.7,0.0,0.0,0.0,363.7978506084021,3301.592
LLAMA2-7B,H100,4,4064,32,300.98,633.12,951.23,0.0,0.0,0.0,202.1733636593379,532.6888
LLAMA2-7B,H100,8,32,32,43.959,262.4,310.87,0.0,0.0,0.0,975.6097560975612,174.08720000000002
LLAMA2-7B,H100,8,32,64,42.476,511.75,613.98,0.0,0.0,0.0,1000.4885197850512,343.8288
LLAMA2-7B,H100,8,32,128,34.72,1031.0,1128.3,0.0,0.0,0.0,993.2104752667314,631.848
LLAMA2-7B,H100,8,32,256,42.41,2057.7,2106.1,0.0,0.0,0.0,995.2859989308452,1179.416
LLAMA2-7B,H100,8,32,512,43.756,4219.3,4271.9,0.0,0.0,0.0,970.777143128007,2392.264
LLAMA2-7B,H100,8,32,1024,42.457,8816.0,8870.2,0.0,0.0,0.0,929.2196007259528,4967.312
LLAMA2-7B,H100,8,32,2048,42.034,18831.0,18892.0,0.0,0.0,0.0,870.0546970421115,10579.52
LLAMA2-7B,H100,8,32,3584,43.352,37545.0,37662.0,0.0,0.0,0.0,763.6702623518445,21090.72
LLAMA2-7B,H100,8,32,4064,35.322,44413.0,44546.0,0.0,0.0,0.0,732.0379168261545,24945.76
LLAMA2-7B,H100,8,64,32,45.967,270.92,379.11,0.0,0.0,0.0,944.9283921452828,212.3016
LLAMA2-7B,H100,8,64,64,35.165,526.8,646.12,0.0,0.0,0.0,971.9058466211088,361.8272
LLAMA2-7B,H100,8,64,128,44.509,1044.7,1130.8,0.0,0.0,0.0,980.185699243802,633.248
LLAMA2-7B,H100,8,64,256,34.654,2094.1,2134.4,0.0,0.0,0.0,977.9857695430018,1195.264
LLAMA2-7B,H100,8,64,512,35.175,4217.3,4350.4,0.0,0.0,0.0,971.2375216370664,2436.224
LLAMA2-7B,H100,8,64,1024,35.393,8706.6,8808.3,0.0,0.0,0.0,940.8954126754415,4932.648
LLAMA2-7B,H100,8,64,2048,44.441,18942.0,19022.0,0.0,0.0,0.0,864.9561820293528,10652.32
LLAMA2-7B,H100,8,64,3584,43.066,31937.0,32010.0,0.0,0.0,0.0,897.76747972571,17925.6
LLAMA2-7B,H100,8,128,32,43.49,277.09,325.13,0.0,0.0,0.0,923.8875455628136,182.0728
LLAMA2-7B,H100,8,128,64,35.367,551.54,672.06,0.0,0.0,0.0,928.309823403561,376.3536
LLAMA2-7B,H100,8,128,128,45.241,1061.5,1171.2,0.0,0.0,0.0,964.6726330664154,655.872
LLAMA2-7B,H100,8,128,256,44.716,2108.1,2158.7,0.0,0.0,0.0,971.4909159907024,1208.872
LLAMA2-7B,H100,8,128,512,44.826,4293.7,4393.9,0.0,0.0,0.0,953.9557957006778,2460.584
LLAMA2-7B,H100,8,128,1024,44.906,8908.8,8991.9,0.0,0.0,0.0,919.5402298850576,5035.464
LLAMA2-7B,H100,8,128,2048,43.375,19520.0,19583.0,0.0,0.0,0.0,839.344262295082,10966.48
LLAMA2-7B,H100,8,128,3584,44.696,36181.0,36255.0,0.0,0.0,0.0,792.4601310079876,20302.8
LLAMA2-7B,H100,8,256,32,55.835,300.42,360.89,0.0,0.0,0.0,852.1403368617268,202.0984
LLAMA2-7B,H100,8,256,64,60.975,564.49,660.43,0.0,0.0,0.0,907.0134103349926,369.8408
LLAMA2-7B,H100,8,256,128,55.651,1096.2,1157.2,0.0,0.0,0.0,934.1361065498996,648.032
LLAMA2-7B,H100,8,256,256,60.935,2175.0,2272.0,0.0,0.0,0.0,941.6091954022988,1272.32
LLAMA2-7B,H100,8,256,512,43.485,4413.0,4470.5,0.0,0.0,0.0,928.1667799682756,2503.48
LLAMA2-7B,H100,8,256,1024,56.119,9108.5,9189.8,0.0,0.0,0.0,899.3797002799582,5146.288
LLAMA2-7B,H100,8,256,2048,56.493,19980.0,20056.0,0.0,0.0,0.0,820.0200200200201,11231.36
LLAMA2-7B,H100,8,256,3584,56.396,39866.0,39978.0,0.0,0.0,0.0,719.2093513269452,22387.68
LLAMA2-7B,H100,8,512,32,82.595,346.4,528.19,0.0,0.0,0.0,739.0300230946883,295.7864
LLAMA2-7B,H100,8,512,64,56.971,652.09,805.65,0.0,0.0,0.0,785.1676915763161,451.164
LLAMA2-7B,H100,8,512,128,56.884,1202.2,1284.4,0.0,0.0,0.0,851.771751788388,719.264
LLAMA2-7B,H100,8,512,256,34.91,2330.7,2455.4,0.0,0.0,0.0,878.7059681640709,1375.024
LLAMA2-7B,H100,8,512,512,82.811,4546.3,4658.5,0.0,0.0,0.0,900.95242284935,2608.76
LLAMA2-7B,H100,8,512,1024,70.651,9348.8,9431.2,0.0,0.0,0.0,876.2621940783845,5281.472
LLAMA2-7B,H100,8,512,2048,34.546,20249.0,20376.0,0.0,0.0,0.0,809.1263766111907,11410.56
LLAMA2-7B,H100,8,512,3584,83.172,40985.0,41137.0,0.0,0.0,0.0,699.5730145175064,23036.72
LLAMA2-7B,H100,8,1024,32,79.791,489.85,660.5,0.0,0.0,0.0,522.6089619271205,369.88
LLAMA2-7B,H100,8,1024,64,114.25,751.62,957.56,0.0,0.0,0.0,681.1952848513877,536.2336
LLAMA2-7B,H100,8,1024,128,80.12,1375.7,1525.0,0.0,0.0,0.0,744.3483317583775,854.0
LLAMA2-7B,H100,8,1024,256,79.602,2567.4,2653.2,0.0,0.0,0.0,797.6941653034198,1485.792
LLAMA2-7B,H100,8,1024,512,111.9,5028.6,5148.4,0.0,0.0,0.0,814.5408264725768,2883.104
LLAMA2-7B,H100,8,1024,1024,79.924,9919.4,10056.0,0.0,0.0,0.0,825.8564026049963,5631.36
LLAMA2-7B,H100,8,1024,2048,111.42,22375.0,22506.0,0.0,0.0,0.0,732.245810055866,12603.36
LLAMA2-7B,H100,8,2048,32,145.69,729.16,879.4,0.0,0.0,0.0,351.0889242415931,492.464
LLAMA2-7B,H100,8,2048,64,145.26,1082.2,1324.3,0.0,0.0,0.0,473.1103308076141,741.608
LLAMA2-7B,H100,8,2048,128,145.43,1765.1,1948.7,0.0,0.0,0.0,580.1371027137272,1091.272
LLAMA2-7B,H100,8,2048,256,145.41,3185.6,3337.3,0.0,0.0,0.0,642.8930185836264,1868.888
LLAMA2-7B,H100,8,2048,512,143.5,6095.0,6250.1,0.0,0.0,0.0,672.0262510254307,3500.056
LLAMA2-7B,H100,8,2048,1024,144.68,12310.0,12467.0,0.0,0.0,0.0,665.4752233956133,6981.52
LLAMA2-7B,H100,8,2048,2048,146.32,26246.0,26498.0,0.0,0.0,0.0,624.24750438162,14838.88
LLAMA2-7B,H100,8,3584,32,249.88,1256.6,1512.9,0.0,0.0,0.0,203.72433550851505,847.224
LLAMA2-7B,H100,8,3584,64,250.19,1595.6,1850.7,0.0,0.0,0.0,320.88242667335174,1036.392
LLAMA2-7B,H100,8,3584,128,251.18,2466.6,2723.2,0.0,0.0,0.0,415.1463553069002,1524.992
LLAMA2-7B,H100,8,3584,256,249.03,4232.3,4567.3,0.0,0.0,0.0,483.897644306878,2557.688
LLAMA2-7B,H100,8,3584,512,251.0,7865.4,8171.9,0.0,0.0,0.0,520.7618175807969,4576.264
LLAMA2-7B,H100,8,4064,32,417.75,1176.0,1598.8,0.0,0.0,0.0,217.687074829932,895.328
LLAMA2-7B,H100,16,32,32,41.721,296.79,343.29,0.0,0.0,0.0,1725.1255096195962,192.24240000000003
LLAMA2-7B,H100,16,32,64,41.629,582.64,652.38,0.0,0.0,0.0,1757.5175065220376,365.3328
LLAMA2-7B,H100,16,32,128,43.585,1165.3,1214.3,0.0,0.0,0.0,1757.4873423152835,680.008
LLAMA2-7B,H100,16,32,256,44.224,2349.5,2436.8,0.0,0.0,0.0,1743.34964886146,1364.608
LLAMA2-7B,H100,16,32,512,42.94,4819.7,4914.9,0.0,0.0,0.0,1699.6908521277255,2752.344
LLAMA2-7B,H100,16,32,1024,42.195,10464.0,10519.0,0.0,0.0,0.0,1565.749235474006,5890.64
LLAMA2-7B,H100,16,32,2048,44.018,22269.0,22370.0,0.0,0.0,0.0,1471.46257128744,12527.2
LLAMA2-7B,H100,16,32,3584,44.317,52641.0,52727.0,0.0,0.0,0.0,1089.341007959575,29527.12
LLAMA2-7B,H100,16,32,4064,44.205,57485.0,57599.0,0.0,0.0,0.0,1131.1472558058624,32255.44
LLAMA2-7B,H100,16,64,32,42.762,308.93,356.66,0.0,0.0,0.0,1657.333376493057,199.7296
LLAMA2-7B,H100,16,64,64,35.037,602.58,717.98,0.0,0.0,0.0,1699.359421155697,402.0688
LLAMA2-7B,H100,16,64,128,43.962,1184.7,1289.1,0.0,0.0,0.0,1728.707689710475,721.896
LLAMA2-7B,H100,16,64,256,44.348,2381.4,2432.2,0.0,0.0,0.0,1719.9966406315611,1362.032
LLAMA2-7B,H100,16,64,512,42.98,4856.9,4908.5,0.0,0.0,0.0,1686.672568922564,2748.76
LLAMA2-7B,H100,16,64,1024,43.287,9814.2,9907.0,0.0,0.0,0.0,1669.4177823969349,5547.92
LLAMA2-7B,H100,16,64,2048,43.974,24026.0,24148.0,0.0,0.0,0.0,1363.8558228585698,13522.88
LLAMA2-7B,H100,16,64,3584,44.026,51705.0,51789.0,0.0,0.0,0.0,1109.0610192437869,29001.84
LLAMA2-7B,H100,16,128,32,43.334,344.03,392.26,0.0,0.0,0.0,1488.2423044501934,219.6656
LLAMA2-7B,H100,16,128,64,43.341,637.18,685.72,0.0,0.0,0.0,1607.0812015443048,384.0032
LLAMA2-7B,H100,16,128,128,54.473,1231.7,1349.7,0.0,0.0,0.0,1662.7425509458471,755.832
LLAMA2-7B,H100,16,128,256,44.05,2430.3,2567.4,0.0,0.0,0.0,1685.388635147924,1437.744
LLAMA2-7B,H100,16,128,512,44.61,4987.4,5040.3,0.0,0.0,0.0,1642.539198780928,2822.568
LLAMA2-7B,H100,16,128,1024,43.572,10593.0,10649.0,0.0,0.0,0.0,1546.6817709808363,5963.44
LLAMA2-7B,H100,16,128,2048,43.219,24274.0,24337.0,0.0,0.0,0.0,1349.9217269506469,13628.72
LLAMA2-7B,H100,16,128,3584,44.963,53967.0,54045.0,0.0,0.0,0.0,1062.5752774843886,30265.2
LLAMA2-7B,H100,16,256,32,42.683,414.47,461.96,0.0,0.0,0.0,1235.312567857746,258.6976
LLAMA2-7B,H100,16,256,64,55.272,711.51,771.98,0.0,0.0,0.0,1439.192702843249,432.3088
LLAMA2-7B,H100,16,256,128,56.409,1325.4,1428.9,0.0,0.0,0.0,1545.1939037271766,800.184
LLAMA2-7B,H100,16,256,256,43.645,2567.2,2706.0,0.0,0.0,0.0,1595.512620754129,1515.36
LLAMA2-7B,H100,16,256,512,44.776,5159.2,5263.3,0.0,0.0,0.0,1587.8430764459606,2947.448
LLAMA2-7B,H100,16,256,1024,34.933,10992.0,11130.0,0.0,0.0,0.0,1490.5385735080058,6232.8
LLAMA2-7B,H100,16,256,2048,59.072,25915.0,26084.0,0.0,0.0,0.0,1264.4414431796256,14607.04
LLAMA2-7B,H100,16,256,3584,56.364,49597.0,49686.0,0.0,0.0,0.0,1156.1989636469948,27824.16
LLAMA2-7B,H100,16,512,32,55.673,554.06,614.69,0.0,0.0,0.0,924.0876439374798,344.2264
LLAMA2-7B,H100,16,512,64,55.703,875.56,950.13,0.0,0.0,0.0,1169.537210471013,532.0728
LLAMA2-7B,H100,16,512,128,68.365,1500.1,1574.3,0.0,0.0,0.0,1365.2423171788548,881.608
LLAMA2-7B,H100,16,512,256,35.176,2896.4,3017.8,0.0,0.0,0.0,1414.169313630714,1689.968
LLAMA2-7B,H100,16,512,512,55.697,5699.0,5782.1,0.0,0.0,0.0,1437.4451658185646,3237.976
LLAMA2-7B,H100,16,512,1024,68.446,12123.0,12204.0,0.0,0.0,0.0,1351.4806566031511,6834.24
LLAMA2-7B,H100,16,512,2048,56.389,27962.0,28086.0,0.0,0.0,0.0,1171.8761175881557,15728.16
LLAMA2-7B,H100,16,512,3584,56.601,52029.0,52207.0,0.0,0.0,0.0,1102.1545676449673,29235.92
LLAMA2-7B,H100,16,1024,32,113.04,788.8,907.08,0.0,0.0,0.0,649.0872210953347,507.9648
LLAMA2-7B,H100,16,1024,64,47.623,1238.0,1338.2,0.0,0.0,0.0,827.140549273021,749.392
LLAMA2-7B,H100,16,1024,128,48.189,2000.5,2138.4,0.0,0.0,0.0,1023.744063984004,1197.504
LLAMA2-7B,H100,16,1024,256,82.23,3548.1,3637.4,0.0,0.0,0.0,1154.4206758546827,2036.944
LLAMA2-7B,H100,16,1024,512,81.549,6759.9,6850.3,0.0,0.0,0.0,1211.852246335005,3836.168
LLAMA2-7B,H100,16,1024,1024,81.837,14198.0,14293.0,0.0,0.0,0.0,1153.9653472320044,8004.08
LLAMA2-7B,H100,16,1024,2048,81.831,30905.0,31008.0,0.0,0.0,0.0,1060.2815078466267,17364.48
LLAMA2-7B,H100,16,2048,32,148.36,1441.2,1601.8,0.0,0.0,0.0,355.2595059672495,897.008
LLAMA2-7B,H100,16,2048,64,148.23,1959.3,2126.8,0.0,0.0,0.0,522.6356351758282,1191.008
LLAMA2-7B,H100,16,2048,128,148.14,2970.5,3124.4,0.0,0.0,0.0,689.4462211748864,1749.664
LLAMA2-7B,H100,16,2048,256,149.55,5070.3,5267.8,0.0,0.0,0.0,807.8417450643946,2949.968
LLAMA2-7B,H100,16,2048,512,148.63,9457.1,9626.4,0.0,0.0,0.0,866.2274904569053,5390.784
LLAMA2-7B,H100,16,2048,1024,283.86,18628.0,18942.0,0.0,0.0,0.0,879.5361820914752,10607.52
LLAMA2-7B,H100,16,2048,2048,147.88,41334.0,41504.0,0.0,0.0,0.0,792.7614070740794,23242.24
LLAMA2-7B,H100,16,3584,32,253.26,2453.4,2738.8,0.0,0.0,0.0,208.68998125050948,1533.728
LLAMA2-7B,H100,16,3584,64,253.72,3148.7,3408.7,0.0,0.0,0.0,325.2135802077048,1908.872
LLAMA2-7B,H100,16,3584,128,255.55,4545.7,4856.3,0.0,0.0,0.0,450.5356710737621,2719.528
LLAMA2-7B,H100,16,3584,256,253.74,7430.2,7743.1,0.0,0.0,0.0,551.2637614061533,4336.136
LLAMA2-7B,H100,16,3584,512,252.29,13355.0,13616.0,0.0,0.0,0.0,613.4032197678772,7624.96
LLAMA2-7B,H100,16,4064,32,420.56,2601.7,3094.0,0.0,0.0,0.0,196.794403659146,1732.64
LLAMA2-7B,H100,32,32,32,44.472,358.71,408.95,0.0,0.0,0.0,2854.6736918402053,229.012
LLAMA2-7B,H100,32,32,64,43.3,682.13,731.48,0.0,0.0,0.0,3002.360253910545,409.6288
LLAMA2-7B,H100,32,32,128,36.887,1347.9,1464.3,0.0,0.0,0.0,3038.8010980043027,820.008
LLAMA2-7B,H100,32,32,256,43.384,2738.5,2789.4,0.0,0.0,0.0,2991.418659850283,1562.064
LLAMA2-7B,H100,32,32,512,35.948,5548.8,5669.8,0.0,0.0,0.0,2952.710495963091,3175.088
LLAMA2-7B,H100,32,32,1024,42.913,12392.0,12469.0,0.0,0.0,0.0,2644.286636539703,6982.64
LLAMA2-7B,H100,32,32,2048,43.661,28667.0,28741.0,0.0,0.0,0.0,2286.112952174975,16094.96
LLAMA2-7B,H100,32,32,3584,43.405,66388.0,66468.0,0.0,0.0,0.0,1727.541121889498,37222.08
LLAMA2-7B,H100,32,32,4064,43.746,95666.0,95754.0,0.0,0.0,0.0,1359.3962327263605,53622.24
LLAMA2-7B,H100,32,64,32,43.965,384.83,464.28,0.0,0.0,0.0,2660.9152093132034,259.9968
LLAMA2-7B,H100,32,64,64,43.616,711.96,761.64,0.0,0.0,0.0,2876.566099219057,426.5184
LLAMA2-7B,H100,32,64,128,44.298,1391.8,1442.7,0.0,0.0,0.0,2942.95157350194,807.912
LLAMA2-7B,H100,32,64,256,35.517,2762.7,2890.6,0.0,0.0,0.0,2965.215188040685,1618.736
LLAMA2-7B,H100,32,64,512,44.557,5901.5,5956.9,0.0,0.0,0.0,2776.243327967466,3335.864
LLAMA2-7B,H100,32,64,1024,44.561,13216.0,13305.0,0.0,0.0,0.0,2479.418886198547,7450.8
LLAMA2-7B,H100,32,64,2048,45.055,31290.0,31408.0,0.0,0.0,0.0,2094.4710770214124,17588.48
LLAMA2-7B,H100,32,64,3584,35.224,66472.0,66604.0,0.0,0.0,0.0,1725.358045492839,37298.24
LLAMA2-7B,H100,32,128,32,44.919,455.13,505.94,0.0,0.0,0.0,2249.9066200865686,283.32640000000004
LLAMA2-7B,H100,32,128,64,45.289,805.62,902.89,0.0,0.0,0.0,2542.141456269705,505.6184
LLAMA2-7B,H100,32,128,128,44.674,1488.6,1544.9,0.0,0.0,0.0,2751.578664516996,865.144
LLAMA2-7B,H100,32,128,256,46.3,2909.9,2963.8,0.0,0.0,0.0,2815.2170177669336,1659.728
LLAMA2-7B,H100,32,128,512,45.744,6093.7,6149.3,0.0,0.0,0.0,2688.678471207969,3443.608
LLAMA2-7B,H100,32,128,1024,44.75,13657.0,13776.0,0.0,0.0,0.0,2399.3556417954164,7714.56
LLAMA2-7B,H100,32,128,2048,36.729,35227.0,35366.0,0.0,0.0,0.0,1860.3911772220167,19804.96
LLAMA2-7B,H100,32,128,3584,45.262,81446.0,81581.0,0.0,0.0,0.0,1408.1477297841514,45685.36
LLAMA2-7B,H100,32,256,32,57.227,589.48,652.86,0.0,0.0,0.0,1737.124245097374,365.6016
LLAMA2-7B,H100,32,256,64,56.716,952.08,1014.9,0.0,0.0,0.0,2151.0797411982185,568.344
LLAMA2-7B,H100,32,256,128,57.381,1690.1,1754.1,0.0,0.0,0.0,2423.525235193184,982.296
LLAMA2-7B,H100,32,256,256,57.43,3227.9,3293.1,0.0,0.0,0.0,2537.872920474612,1844.136
LLAMA2-7B,H100,32,256,512,37.138,6628.3,6749.2,0.0,0.0,0.0,2471.8253549175506,3779.552
LLAMA2-7B,H100,32,256,1024,43.934,14779.0,14874.0,0.0,0.0,0.0,2217.200081196292,8329.44
LLAMA2-7B,H100,32,256,2048,57.116,36103.0,36206.0,0.0,0.0,0.0,1815.2508101819797,20275.36
LLAMA2-7B,H100,32,256,3584,57.023,83934.0,84029.0,0.0,0.0,0.0,1366.406938785236,47056.24
LLAMA2-7B,H100,32,512,32,69.647,869.95,945.76,0.0,0.0,0.0,1177.079142479453,529.6256
LLAMA2-7B,H100,32,512,64,69.76,1283.5,1359.8,0.0,0.0,0.0,1595.6369302687965,761.488
LLAMA2-7B,H100,32,512,128,69.694,2104.8,2181.5,0.0,0.0,0.0,1946.0281261877608,1221.64
LLAMA2-7B,H100,32,512,256,69.467,3828.1,3905.5,0.0,0.0,0.0,2139.964995689768,2187.08
LLAMA2-7B,H100,32,512,512,71.527,7492.4,7574.1,0.0,0.0,0.0,2186.7492392290856,4241.496
LLAMA2-7B,H100,32,512,1024,70.563,16908.0,17051.0,0.0,0.0,0.0,1938.017506505796,9548.56
LLAMA2-7B,H100,32,512,2048,82.396,41084.0,41191.0,0.0,0.0,0.0,1595.170869438224,23066.96
LLAMA2-7B,H100,32,512,3584,82.963,84526.0,84661.0,0.0,0.0,0.0,1356.8369495776446,47410.16
LLAMA2-7B,H100,32,1024,32,84.051,1527.0,1701.1,0.0,0.0,0.0,670.595939751146,952.616
LLAMA2-7B,H100,32,1024,64,117.21,2020.1,2143.3,0.0,0.0,0.0,1013.811197465472,1200.248
LLAMA2-7B,H100,32,1024,128,117.47,3075.6,3199.6,0.0,0.0,0.0,1331.7726622447651,1791.776
LLAMA2-7B,H100,32,1024,256,116.5,5334.2,5458.2,0.0,0.0,0.0,1535.75044055341,3056.592
LLAMA2-7B,H100,32,1024,512,84.151,10220.0,10314.0,0.0,0.0,0.0,1603.1311154598825,5775.84
LLAMA2-7B,H100,32,1024,1024,116.04,21281.0,21411.0,0.0,0.0,0.0,1539.7772661059162,11990.16
LLAMA2-7B,H100,32,1024,2048,177.8,49988.0,50284.0,0.0,0.0,0.0,1311.0346483155956,28159.04
LLAMA2-7B,H100,32,2048,32,152.98,2838.8,2997.4,0.0,0.0,0.0,360.71579540650976,1678.544
LLAMA2-7B,H100,32,2048,64,150.64,3624.3,3780.7,0.0,0.0,0.0,565.0746351019507,2117.192
LLAMA2-7B,H100,32,2048,128,151.46,5188.3,5346.2,0.0,0.0,0.0,789.4686120694639,2993.872
LLAMA2-7B,H100,32,2048,256,220.07,8348.6,8595.8,0.0,0.0,0.0,981.2423639891718,4813.648
LLAMA2-7B,H100,32,2048,512,216.36,15209.0,15523.0,0.0,0.0,0.0,1077.2568873693208,8692.88
LLAMA2-7B,H100,32,2048,1024,152.45,30756.0,30923.0,0.0,0.0,0.0,1065.418129795812,17316.88
LLAMA2-7B,H100,32,2048,2048,409.66,68186.0,68696.0,0.0,0.0,0.0,961.1357170093568,38469.76
LLAMA2-7B,H100,32,3584,32,258.01,4963.7,5259.7,0.0,0.0,0.0,206.29772145778352,2945.432
LLAMA2-7B,H100,32,3584,64,563.62,5782.6,6388.0,0.0,0.0,0.0,354.16594611420464,3577.28
LLAMA2-7B,H100,32,3584,128,259.38,8495.5,8761.8,0.0,0.0,0.0,482.13760226002,4906.608
LLAMA2-7B,H100,32,3584,256,490.98,13098.0,13614.0,0.0,0.0,0.0,625.4389983203542,7623.84
LLAMA2-7B,H100,32,3584,512,259.12,22830.0,23160.0,0.0,0.0,0.0,717.6522120017521,12969.6
LLAMA2-7B,H100,32,4064,32,148.61,5750.9,5946.5,0.0,0.0,0.0,178.05908640386724,3330.04
LLAMA2-7B,H100,64,32,32,38.477,486.52,619.82,0.0,0.0,0.0,4209.487790841075,347.0992
LLAMA2-7B,H100,64,32,64,47.511,899.7,954.77,0.0,0.0,0.0,4552.628653995776,534.6712
LLAMA2-7B,H100,64,32,128,47.113,1756.7,1830.6,0.0,0.0,0.0,4663.289121648545,1025.136
LLAMA2-7B,H100,64,32,256,47.244,3583.4,3722.5,0.0,0.0,0.0,4572.194005692917,2084.6
LLAMA2-7B,H100,64,32,512,47.637,7810.2,7869.8,0.0,0.0,0.0,4195.539166730686,4407.088
LLAMA2-7B,H100,64,32,1024,49.84,16904.0,16970.0,0.0,0.0,0.0,3876.952200662565,9503.2
LLAMA2-7B,H100,64,32,2048,48.193,47380.0,47456.0,0.0,0.0,0.0,2766.39932460954,26575.36
LLAMA2-7B,H100,64,32,3584,48.817,133520.0,133660.0,0.0,0.0,0.0,1717.9149191132417,74849.6
LLAMA2-7B,H100,64,32,4064,39.255,159220.0,159390.0,0.0,0.0,0.0,1633.5636226604695,89258.4
LLAMA2-7B,H100,64,64,32,47.115,548.77,603.49,0.0,0.0,0.0,3731.982433442061,337.9544
LLAMA2-7B,H100,64,64,64,48.87,960.38,1057.5,0.0,0.0,0.0,4264.978446031779,592.2
LLAMA2-7B,H100,64,64,128,38.061,1881.4,1989.2,0.0,0.0,0.0,4354.204315934941,1113.952
LLAMA2-7B,H100,64,64,256,50.082,3758.0,3817.9,0.0,0.0,0.0,4359.765832889835,2138.024
LLAMA2-7B,H100,64,64,512,46.802,7856.2,7915.0,0.0,0.0,0.0,4170.973244062015,4432.4
LLAMA2-7B,H100,64,64,1024,47.415,18851.0,18917.0,0.0,0.0,0.0,3476.5264442204657,10593.52
LLAMA2-7B,H100,64,64,2048,47.342,51297.0,51372.0,0.0,0.0,0.0,2555.159171101624,28768.32
LLAMA2-7B,H100,64,64,3584,48.406,148400.0,148500.0,0.0,0.0,0.0,1545.660377358491,83160.0
LLAMA2-7B,H100,64,128,32,49.669,698.39,755.88,0.0,0.0,0.0,2932.458941279228,423.2928
LLAMA2-7B,H100,64,128,64,60.356,1140.8,1228.6,0.0,0.0,0.0,3590.4628330995797,688.016
LLAMA2-7B,H100,64,128,128,50.086,2049.1,2107.8,0.0,0.0,0.0,3997.852715826461,1180.368
LLAMA2-7B,H100,64,128,256,49.332,4059.3,4174.3,0.0,0.0,0.0,4036.163870618087,2337.608
LLAMA2-7B,H100,64,128,512,50.016,8605.6,8716.0,0.0,0.0,0.0,3807.7530910105047,4880.96
LLAMA2-7B,H100,64,128,1024,48.453,20681.0,20747.0,0.0,0.0,0.0,3168.8989894105703,11618.32
LLAMA2-7B,H100,64,128,2048,46.844,54793.0,54948.0,0.0,0.0,0.0,2392.13038161809,30770.88
LLAMA2-7B,H100,64,128,3584,45.972,136970.0,137130.0,0.0,0.0,0.0,1674.644082645835,76792.8
LLAMA2-7B,H100,64,256,32,61.107,972.79,1041.9,0.0,0.0,0.0,2105.284799391441,583.464
LLAMA2-7B,H100,64,256,64,61.156,1485.1,1554.5,0.0,0.0,0.0,2758.0634300720494,870.52
LLAMA2-7B,H100,64,256,128,60.177,2535.5,2629.6,0.0,0.0,0.0,3230.920922894893,1472.576
LLAMA2-7B,H100,64,256,256,39.699,4883.5,5014.3,0.0,0.0,0.0,3354.9708201085286,2808.008
LLAMA2-7B,H100,64,256,512,61.087,10152.0,10225.0,0.0,0.0,0.0,3227.738376674547,5726.0
LLAMA2-7B,H100,64,256,1024,46.834,23129.0,23273.0,0.0,0.0,0.0,2833.4990704310608,13032.88
LLAMA2-7B,H100,64,256,2048,62.178,57383.0,57474.0,0.0,0.0,0.0,2284.1608141784154,32185.44
LLAMA2-7B,H100,64,256,3584,62.234,154440.0,154550.0,0.0,0.0,0.0,1485.2110852110852,86548.0
LLAMA2-7B,H100,64,512,32,60.491,1667.4,1741.7,0.0,0.0,0.0,1228.259565791052,975.352
LLAMA2-7B,H100,64,512,64,59.085,2321.9,2433.6,0.0,0.0,0.0,1764.07252680994,1362.816
LLAMA2-7B,H100,64,512,128,61.596,3591.9,3744.8,0.0,0.0,0.0,2280.687101534007,2097.088
LLAMA2-7B,H100,64,512,256,39.659,6398.8,6517.1,0.0,0.0,0.0,2560.480090016878,3649.576
LLAMA2-7B,H100,64,512,512,75.683,12130.0,12217.0,0.0,0.0,0.0,2701.401483924155,6841.52
LLAMA2-7B,H100,64,512,1024,58.504,26054.0,26197.0,0.0,0.0,0.0,2515.391110769939,14670.32
LLAMA2-7B,H100,64,512,2048,75.601,68771.0,68903.0,0.0,0.0,0.0,1905.9196463625656,38585.68
LLAMA2-7B,H100,64,512,3584,88.537,175930.0,176120.0,0.0,0.0,0.0,1303.7912806229751,98627.2
LLAMA2-7B,H100,64,1024,32,123.55,2954.4,3084.6,0.0,0.0,0.0,693.2033577037638,1727.376
LLAMA2-7B,H100,64,1024,64,88.54,3890.7,4061.4,0.0,0.0,0.0,1052.766854293572,2274.384
LLAMA2-7B,H100,64,1024,128,153.45,5572.9,5780.2,0.0,0.0,0.0,1469.9707513143965,3236.912
LLAMA2-7B,H100,64,1024,256,88.083,9406.4,9537.3,0.0,0.0,0.0,1741.792821908488,5340.888
LLAMA2-7B,H100,64,1024,512,89.069,17692.0,17870.0,0.0,0.0,0.0,1852.1365588966764,10007.2
LLAMA2-7B,H100,64,1024,1024,127.73,37599.0,37744.0,0.0,0.0,0.0,1743.0250804542677,21136.64
LLAMA2-7B,H100,64,1024,2048,123.24,91439.0,91658.0,0.0,0.0,0.0,1433.4364986493729,51328.48
LLAMA2-7B,H100,64,2048,32,159.0,5834.9,6001.1,0.0,0.0,0.0,350.9914480111056,3360.616
LLAMA2-7B,H100,64,2048,64,160.97,7218.7,7402.4,0.0,0.0,0.0,567.4151855597269,4145.344
LLAMA2-7B,H100,64,2048,128,153.68,9960.2,10160.0,0.0,0.0,0.0,822.4734443083472,5689.6
LLAMA2-7B,H100,64,2048,256,160.84,17178.0,17366.0,0.0,0.0,0.0,953.7780882524158,9724.96
LLAMA2-7B,H100,64,2048,512,231.27,32009.0,32350.0,0.0,0.0,0.0,1023.7120809772252,18116.0
LLAMA2-7B,H100,64,2048,1024,229.78,64983.0,65293.0,0.0,0.0,0.0,1008.5099179785484,36564.08
LLAMA2-7B,H100,64,2048,2048,289.78,138510.0,138870.0,0.0,0.0,0.0,946.2999061439608,77767.2
LLAMA2-7B,H100,64,3584,32,268.29,10268.0,10544.0,0.0,0.0,0.0,199.45461628359956,5904.64
LLAMA2-7B,H100,64,3584,64,272.21,12640.0,12921.0,0.0,0.0,0.0,324.0506329113924,7235.76
LLAMA2-7B,H100,64,3584,128,275.13,17632.0,17917.0,0.0,0.0,0.0,464.6098003629764,10033.52
LLAMA2-7B,H100,64,3584,256,144.19,27725.0,27948.0,0.0,0.0,0.0,590.9467989179441,15650.88
LLAMA2-7B,H100,64,3584,512,272.64,48838.0,49149.0,0.0,0.0,0.0,670.9529464761047,27523.44
LLAMA2-7B,H100,64,4064,32,313.2,11691.0,12012.0,0.0,0.0,0.0,175.17748695577794,6726.72
LLAMA2-7B,H100,128,32,32,52.255,753.54,816.74,0.0,0.0,0.0,5435.6769381851,457.3744
LLAMA2-7B,H100,128,32,64,49.921,1392.7,1537.5,0.0,0.0,0.0,5882.099518920083,861.0
LLAMA2-7B,H100,128,32,128,51.074,2666.6,2772.8,0.0,0.0,0.0,6144.153603840096,1552.768
LLAMA2-7B,H100,128,32,256,51.903,5540.8,5605.4,0.0,0.0,0.0,5913.947444412359,3139.024
LLAMA2-7B,H100,128,32,512,52.048,12284.0,12353.0,0.0,0.0,0.0,5335.070009768805,6917.68
LLAMA2-7B,H100,128,32,1024,51.419,29773.0,29847.0,0.0,0.0,0.0,4402.3779934840295,16714.32
LLAMA2-7B,H100,128,32,2048,52.246,91625.0,91750.0,0.0,0.0,0.0,2861.0532060027285,51380.0
LLAMA2-7B,H100,128,32,3584,53.078,232810.0,232930.0,0.0,0.0,0.0,1970.4995489884452,130440.8
LLAMA2-7B,H100,128,32,4064,49.833,306620.0,306760.0,0.0,0.0,0.0,1696.5364294566564,171785.6
LLAMA2-7B,H100,128,64,32,51.936,884.02,947.14,0.0,0.0,0.0,4633.379335309156,530.3984
LLAMA2-7B,H100,128,64,64,50.54,1500.3,1562.4,0.0,0.0,0.0,5460.241285076319,874.944
LLAMA2-7B,H100,128,64,128,42.48,2902.5,3019.4,0.0,0.0,0.0,5644.788975021534,1690.864
LLAMA2-7B,H100,128,64,256,50.203,5814.6,5878.4,0.0,0.0,0.0,5635.4693358098575,3291.904
LLAMA2-7B,H100,128,64,512,50.719,13015.0,13164.0,0.0,0.0,0.0,5035.42066845947,7371.84
LLAMA2-7B,H100,128,64,1024,50.04,32118.0,32211.0,0.0,0.0,0.0,4080.951491375553,18038.16
LLAMA2-7B,H100,128,64,2048,52.111,97745.0,97829.0,0.0,0.0,0.0,2681.917233618088,54784.24
LLAMA2-7B,H100,128,64,3584,52.908,260120.0,260250.0,0.0,0.0,0.0,1763.616792249731,145740.0
LLAMA2-7B,H100,128,128,32,51.053,1191.5,1261.6,0.0,0.0,0.0,3437.6835921107845,706.496
LLAMA2-7B,H100,128,128,64,45.492,1890.4,2019.9,0.0,0.0,0.0,4333.4743969530255,1131.144
LLAMA2-7B,H100,128,128,128,50.546,3336.0,3403.4,0.0,0.0,0.0,4911.27098321343,1905.904
LLAMA2-7B,H100,128,128,256,64.673,6521.9,6641.5,0.0,0.0,0.0,5024.3027338658985,3719.24
LLAMA2-7B,H100,128,128,512,53.416,14252.0,14323.0,0.0,0.0,0.0,4598.372158293573,8020.88
LLAMA2-7B,H100,128,128,1024,54.284,34494.0,34573.0,0.0,0.0,0.0,3799.8492491447782,19360.88
LLAMA2-7B,H100,128,128,2048,52.601,108130.0,108260.0,0.0,0.0,0.0,2424.341070933136,60625.6
LLAMA2-7B,H100,128,128,3584,66.241,283870.0,284070.0,0.0,0.0,0.0,1616.0636911262195,159079.2
LLAMA2-7B,H100,128,256,32,64.678,1808.1,1881.7,0.0,0.0,0.0,2265.3614291244958,1053.752
LLAMA2-7B,H100,128,256,64,63.941,2633.6,2706.9,0.0,0.0,0.0,3110.5710814094778,1515.864
LLAMA2-7B,H100,128,256,128,44.029,4271.3,4388.1,0.0,0.0,0.0,3835.834523447194,2457.336
LLAMA2-7B,H100,128,256,256,63.898,7809.5,7893.1,0.0,0.0,0.0,4195.9152314488765,4420.136
LLAMA2-7B,H100,128,256,512,51.251,16443.0,16577.0,0.0,0.0,0.0,3985.647387946239,9283.12
LLAMA2-7B,H100,128,256,1024,65.026,39497.0,39579.0,0.0,0.0,0.0,3318.530521305416,22164.24
LLAMA2-7B,H100,128,256,2048,45.741,117760.0,117910.0,0.0,0.0,0.0,2226.086956521739,66029.6
LLAMA2-7B,H100,128,256,3584,51.67,309530.0,309720.0,0.0,0.0,0.0,1482.09220430976,173443.2
LLAMA2-7B,H100,128,512,32,78.998,3235.6,3369.3,0.0,0.0,0.0,1265.916676968723,1886.808
LLAMA2-7B,H100,128,512,64,46.873,4305.7,4435.3,0.0,0.0,0.0,1902.5942355482268,2483.768
LLAMA2-7B,H100,128,512,128,64.115,6493.1,6604.1,0.0,0.0,0.0,2523.2939582017834,3698.296
LLAMA2-7B,H100,128,512,256,63.649,11236.0,11383.0,0.0,0.0,0.0,2916.3403346386613,6374.48
LLAMA2-7B,H100,128,512,512,81.152,21463.0,21558.0,0.0,0.0,0.0,3053.4408051064624,12072.48
LLAMA2-7B,H100,128,512,1024,81.131,52897.0,52998.0,0.0,0.0,0.0,2477.872091044861,29678.88
LLAMA2-7B,H100,128,512,2048,80.1,144060.0,144270.0,0.0,0.0,0.0,1819.6862418436765,80791.2
LLAMA2-7B,H100,128,512,3584,66.195,357660.0,357870.0,0.0,0.0,0.0,1282.648325225074,200407.2
LLAMA2-7B,H100,128,1024,32,165.69,6018.2,6244.9,0.0,0.0,0.0,680.6021734073311,3497.144
LLAMA2-7B,H100,128,1024,64,133.7,7612.7,7754.9,0.0,0.0,0.0,1076.096522915654,4342.744
LLAMA2-7B,H100,128,1024,128,132.4,11639.0,11781.0,0.0,0.0,0.0,1407.6810722570667,6597.36
LLAMA2-7B,H100,128,1024,256,134.34,19852.0,19998.0,0.0,0.0,0.0,1650.6145476526294,11198.88
LLAMA2-7B,H100,128,1024,512,131.26,37766.0,37913.0,0.0,0.0,0.0,1735.3174813324154,21231.28
LLAMA2-7B,H100,128,1024,1024,133.26,76895.0,77118.0,0.0,0.0,0.0,1704.5581637297614,43186.08
LLAMA2-7B,H100,128,1024,2048,133.9,189530.0,189780.0,0.0,0.0,0.0,1383.1266817918008,106276.8
LLAMA2-7B,H100,128,2048,32,174.81,12083.0,12290.0,0.0,0.0,0.0,338.9886617561864,6882.4
LLAMA2-7B,H100,128,2048,64,178.25,14918.0,15198.0,0.0,0.0,0.0,549.1352728247755,8510.88
LLAMA2-7B,H100,128,2048,128,241.89,20629.0,20906.0,0.0,0.0,0.0,794.2217266954287,11707.36
LLAMA2-7B,H100,128,2048,256,176.65,33528.0,33731.0,0.0,0.0,0.0,977.332378907182,18889.36
LLAMA2-7B,H100,128,2048,512,238.14,62612.0,62873.0,0.0,0.0,0.0,1046.700313039034,35208.88
LLAMA2-7B,H100,128,2048,1024,175.46,127260.0,127480.0,0.0,0.0,0.0,1029.95442401383,71388.8
LLAMA2-7B,H100,128,2048,2048,174.04,284060.0,284300.0,0.0,0.0,0.0,922.8472857846932,159208.0
LLAMA2-7B,H100,128,3584,32,412.58,21369.0,21794.0,0.0,0.0,0.0,191.67953577612428,12204.64
LLAMA2-7B,H100,128,3584,64,291.88,26487.0,26793.0,0.0,0.0,0.0,309.2837995998037,15004.08
LLAMA2-7B,H100,128,3584,128,283.64,36379.0,36730.0,0.0,0.0,0.0,450.3697187938096,20568.8
LLAMA2-7B,H100,128,3584,256,405.7,56674.0,57102.0,0.0,0.0,0.0,578.1839997176836,31977.12
LLAMA2-7B,H100,128,3584,512,282.66,99940.0,100270.0,0.0,0.0,0.0,655.7534520712427,56151.2
LLAMA2-7B,H100,128,4064,32,321.4,24211.0,24639.0,0.0,0.0,0.0,169.17929866589566,13797.84
MISTRAL-7B,H100,1,32,32,37.564,250.13,329.32,0.0,0.0,0.0,127.93347459321151,184.4192
MISTRAL-7B,H100,1,32,64,34.227,514.49,553.68,0.0,0.0,0.0,124.39503197341055,310.0608
MISTRAL-7B,H100,1,32,128,54.301,1682.7,1744.9,0.0,0.0,0.0,76.06822368812028,977.144
MISTRAL-7B,H100,1,32,256,74.251,4704.6,4857.8,0.0,0.0,0.0,54.41482804064107,2720.368
MISTRAL-7B,H100,1,32,512,74.726,9602.8,9739.5,0.0,0.0,0.0,53.317782313491904,5454.12
MISTRAL-7B,H100,1,32,1024,53.515,8225.6,8291.1,0.0,0.0,0.0,124.48939894962068,4643.016
MISTRAL-7B,H100,1,32,2048,34.289,16463.0,16535.0,0.0,0.0,0.0,124.40017007835752,9259.6
MISTRAL-7B,H100,1,32,3584,37.679,28797.0,28863.0,0.0,0.0,0.0,124.45740875785673,16163.28
MISTRAL-7B,H100,1,32,4064,37.509,32728.0,32797.0,0.0,0.0,0.0,124.17501833292592,18366.32
MISTRAL-7B,H100,1,64,32,74.342,569.21,701.22,0.0,0.0,0.0,56.218267423270845,392.6832
MISTRAL-7B,H100,1,64,64,54.415,1089.7,1151.5,0.0,0.0,0.0,58.73176103514729,644.84
MISTRAL-7B,H100,1,64,128,55.227,2357.1,2421.8,0.0,0.0,0.0,54.30401764880574,1356.208
MISTRAL-7B,H100,1,64,256,36.322,2034.2,2077.1,0.0,0.0,0.0,125.84799921345,1163.176
MISTRAL-7B,H100,1,64,512,34.212,4127.6,4169.0,0.0,0.0,0.0,124.04302742513808,2334.64
MISTRAL-7B,H100,1,64,1024,74.342,8438.5,8555.4,0.0,0.0,0.0,121.3485809089293,4791.024
MISTRAL-7B,H100,1,64,2048,34.596,16654.0,16708.0,0.0,0.0,0.0,122.9734598294704,9356.48
MISTRAL-7B,H100,1,64,3584,37.764,28835.0,28977.0,0.0,0.0,0.0,124.29339344546558,16227.12
MISTRAL-7B,H100,1,128,32,74.361,566.12,688.38,0.0,0.0,0.0,56.52511834946655,385.4928
MISTRAL-7B,H100,1,128,64,54.84,834.84,896.91,0.0,0.0,0.0,76.66139619567821,502.2696
MISTRAL-7B,H100,1,128,128,34.594,2345.1,2409.6,0.0,0.0,0.0,54.58189416229585,1349.376
MISTRAL-7B,H100,1,128,256,34.538,4644.4,4708.3,0.0,0.0,0.0,55.12014469037982,2636.648
MISTRAL-7B,H100,1,128,512,44.291,5627.1,5682.6,0.0,0.0,0.0,90.98825327433312,3182.256
MISTRAL-7B,H100,1,128,1024,34.922,8165.9,8211.7,0.0,0.0,0.0,125.3995273025631,4598.552
MISTRAL-7B,H100,1,128,2048,46.999,17866.0,17936.0,0.0,0.0,0.0,114.63114295309526,10044.16
MISTRAL-7B,H100,1,256,32,35.051,534.36,606.97,0.0,0.0,0.0,59.88472191032263,339.9032
MISTRAL-7B,H100,1,256,64,75.048,1163.4,1293.3,0.0,0.0,0.0,55.01117414474815,724.248
MISTRAL-7B,H100,1,256,128,36.495,1024.6,1066.8,0.0,0.0,0.0,124.92680070271328,597.408
MISTRAL-7B,H100,1,256,256,54.755,4565.1,4630.1,0.0,0.0,0.0,56.07763247245405,2592.856
MISTRAL-7B,H100,1,256,512,37.802,9300.7,9401.7,0.0,0.0,0.0,55.0496199210812,5264.952
MISTRAL-7B,H100,1,256,1024,74.579,18832.0,19015.0,0.0,0.0,0.0,54.37553101104503,10648.4
MISTRAL-7B,H100,1,256,2048,36.047,37546.0,37697.0,0.0,0.0,0.0,54.54642305438662,21110.32
MISTRAL-7B,H100,1,256,3584,38.038,28789.0,28858.0,0.0,0.0,0.0,124.49199346972802,16160.48
MISTRAL-7B,H100,1,512,32,245.81,579.84,867.79,0.0,0.0,0.0,55.18763796909492,485.9624
MISTRAL-7B,H100,1,512,64,33.521,511.88,549.65,0.0,0.0,0.0,125.0293037430648,307.804
MISTRAL-7B,H100,1,512,128,33.575,1020.3,1077.3,0.0,0.0,0.0,125.45329804959326,603.288
MISTRAL-7B,H100,1,512,256,34.791,2034.7,2076.1,0.0,0.0,0.0,125.81707377008895,1162.616
MISTRAL-7B,H100,1,512,512,52.159,9191.8,9258.4,0.0,0.0,0.0,55.70182118845058,5184.704
MISTRAL-7B,H100,1,512,1024,33.374,18694.0,18778.0,0.0,0.0,0.0,54.77693377554296,10515.68
MISTRAL-7B,H100,1,512,2048,71.716,37736.0,37890.0,0.0,0.0,0.0,54.271782912868346,21218.4
MISTRAL-7B,H100,1,512,3584,186.79,28895.0,29165.0,0.0,0.0,0.0,124.0353002249524,16332.4
MISTRAL-7B,H100,1,1024,32,237.73,308.08,624.41,0.0,0.0,0.0,103.8691249026227,349.6696
MISTRAL-7B,H100,1,1024,64,46.617,516.24,567.02,0.0,0.0,0.0,123.9733457306679,317.5312
MISTRAL-7B,H100,1,1024,128,74.629,1697.7,1779.3,0.0,0.0,0.0,75.39612416799199,996.408
MISTRAL-7B,H100,1,1024,256,102.03,4716.2,4877.7,0.0,0.0,0.0,54.28098893176711,2731.512
MISTRAL-7B,H100,1,1024,512,52.878,8940.1,9007.2,0.0,0.0,0.0,57.2700529076856,5044.032
MISTRAL-7B,H100,1,1024,1024,107.96,19919.0,20138.0,0.0,0.0,0.0,51.40820322305336,11277.28
MISTRAL-7B,H100,1,1024,2048,46.557,37878.0,37983.0,0.0,0.0,0.0,54.06832462115212,21270.48
MISTRAL-7B,H100,1,2048,32,82.904,417.86,548.99,0.0,0.0,0.0,76.58067295266356,307.43440000000004
MISTRAL-7B,H100,1,2048,64,76.432,1157.7,1240.4,0.0,0.0,0.0,55.28202470415479,694.624
MISTRAL-7B,H100,1,2048,128,76.969,1031.1,1134.3,0.0,0.0,0.0,124.13926874212008,635.208
MISTRAL-7B,H100,1,2048,256,78.23,2045.9,2212.2,0.0,0.0,0.0,125.12830539127036,1238.832
MISTRAL-7B,H100,1,2048,512,82.425,9308.6,9409.1,0.0,0.0,0.0,55.00290054358335,5269.096
MISTRAL-7B,H100,1,2048,1024,77.998,18696.0,18796.0,0.0,0.0,0.0,54.77107402652974,10525.76
MISTRAL-7B,H100,1,2048,2048,81.348,37927.0,38049.0,0.0,0.0,0.0,53.99847074643394,21307.44
MISTRAL-7B,H100,2,32,32,44.338,255.18,388.63,0.0,0.0,0.0,250.8033544948664,217.6328
MISTRAL-7B,H100,2,32,64,43.989,515.86,564.22,0.0,0.0,0.0,248.12933741712868,315.96320000000003
MISTRAL-7B,H100,2,32,128,49.096,1037.6,1091.5,0.0,0.0,0.0,246.72320740169624,611.24
MISTRAL-7B,H100,2,32,256,46.248,2084.1,2197.7,0.0,0.0,0.0,245.66959358955904,1230.712
MISTRAL-7B,H100,2,32,512,48.448,4214.8,4270.9,0.0,0.0,0.0,242.95340229666888,2391.704
MISTRAL-7B,H100,2,32,1024,46.87,8293.7,8442.8,0.0,0.0,0.0,246.9344201020051,4727.968
MISTRAL-7B,H100,2,32,2048,46.486,16718.0,16852.0,0.0,0.0,0.0,245.0053834190693,9437.12
MISTRAL-7B,H100,2,64,32,49.676,249.72,303.45,0.0,0.0,0.0,256.28704148646483,169.932
MISTRAL-7B,H100,2,64,64,46.946,518.32,569.82,0.0,0.0,0.0,246.95169007562893,319.0992
MISTRAL-7B,H100,2,64,128,48.271,1046.2,1099.3,0.0,0.0,0.0,244.69508698145668,615.608
MISTRAL-7B,H100,2,64,256,47.17,2101.5,2198.2,0.0,0.0,0.0,243.6354984534856,1230.992
MISTRAL-7B,H100,2,64,512,46.252,4142.3,4288.4,0.0,0.0,0.0,247.205658692031,2401.504
MISTRAL-7B,H100,2,64,1024,45.624,8327.6,8384.7,0.0,0.0,0.0,245.9291992891109,4695.432
MISTRAL-7B,H100,2,64,2048,49.204,16626.0,16715.0,0.0,0.0,0.0,246.3611211355708,9360.4
MISTRAL-7B,H100,2,128,32,99.132,254.04,357.64,0.0,0.0,0.0,251.9288301054952,200.2784
MISTRAL-7B,H100,2,128,64,50.181,516.67,612.75,0.0,0.0,0.0,247.74033715911511,343.14
MISTRAL-7B,H100,2,128,128,79.918,1051.9,1136.5,0.0,0.0,0.0,243.3691415533796,636.44
MISTRAL-7B,H100,2,128,256,87.853,2106.0,2199.7,0.0,0.0,0.0,243.11490978157644,1231.832
MISTRAL-7B,H100,2,128,512,48.657,4167.5,4223.9,0.0,0.0,0.0,245.7108578284343,2365.384
MISTRAL-7B,H100,2,128,1024,47.605,8390.9,8450.1,0.0,0.0,0.0,244.07393724153548,4732.056
MISTRAL-7B,H100,2,128,2048,49.482,16971.0,17100.0,0.0,0.0,0.0,241.3528961169053,9576.0
MISTRAL-7B,H100,2,256,32,50.519,257.2,376.2,0.0,0.0,0.0,248.83359253499225,210.672
MISTRAL-7B,H100,2,256,64,47.532,524.43,591.75,0.0,0.0,0.0,244.0745190015827,331.38
MISTRAL-7B,H100,2,256,128,49.009,1039.8,1093.8,0.0,0.0,0.0,246.2011925370264,612.528
MISTRAL-7B,H100,2,256,256,40.913,2115.7,2203.6,0.0,0.0,0.0,242.0002835940824,1234.016
MISTRAL-7B,H100,4,128,128,44.805,1341.1,1478.3,0.0,0.0,0.0,381.77615390351207,827.848
MISTRAL-7B,H100,4,128,2048,42.952,17246.0,17336.0,0.0,0.0,0.0,475.0086976690247,9708.16
MISTRAL-7B,H100,4,2048,128,282.93,1093.4,1381.8,0.0,0.0,0.0,468.2641302359612,773.808
MISTRAL-7B,H100,4,2048,2048,215.59,17926.0,18238.0,0.0,0.0,0.0,456.989847149392,10213.28
MISTRAL-7B,H100,8,32,32,98.329,618.38,790.76,0.0,0.0,0.0,413.98492836120187,442.8256
MISTRAL-7B,H100,8,32,64,98.63,1248.4,1410.2,0.0,0.0,0.0,410.12495994873433,789.712
MISTRAL-7B,H100,8,32,128,97.462,2470.0,2640.2,0.0,0.0,0.0,414.5748987854251,1478.512
MISTRAL-7B,H100,8,32,256,71.108,3553.1,3674.0,0.0,0.0,0.0,576.398074920492,2057.44
MISTRAL-7B,H100,8,32,512,72.731,9808.5,9954.8,0.0,0.0,0.0,417.5969822093082,5574.688
MISTRAL-7B,H100,8,32,1024,56.955,20051.0,20139.0,0.0,0.0,0.0,408.55817664954367,11277.84
MISTRAL-7B,H100,8,32,2048,74.795,40034.0,40154.0,0.0,0.0,0.0,409.252135684668,22486.24
MISTRAL-7B,H100,8,64,32,49.792,429.94,484.19,0.0,0.0,0.0,595.4319207331256,271.1464
MISTRAL-7B,H100,8,64,64,49.336,558.16,611.84,0.0,0.0,0.0,917.2996990110364,342.6304
MISTRAL-7B,H100,8,64,128,50.735,1092.5,1199.5,0.0,0.0,0.0,937.299771167048,671.72
MISTRAL-7B,H100,8,64,256,49.553,2183.1,2238.6,0.0,0.0,0.0,938.1155237964364,1253.616
MISTRAL-7B,H100,8,64,512,51.304,4361.6,4478.6,0.0,0.0,0.0,939.1049156272928,2508.016
MISTRAL-7B,H100,8,64,1024,49.669,8769.7,8830.6,0.0,0.0,0.0,934.1254546905824,4945.136
MISTRAL-7B,H100,8,64,2048,50.767,18159.0,18262.0,0.0,0.0,0.0,902.2523266699708,10226.72
MISTRAL-7B,H100,8,128,32,47.75,291.26,343.48,0.0,0.0,0.0,878.9397788917119,192.3488
MISTRAL-7B,H100,8,128,64,61.609,554.88,703.28,0.0,0.0,0.0,922.722029988466,393.8368
MISTRAL-7B,H100,8,128,128,50.158,1103.6,1233.0,0.0,0.0,0.0,927.872417542588,690.48
MISTRAL-7B,H100,8,128,256,48.207,2220.7,2274.8,0.0,0.0,0.0,922.231728734183,1273.888
MISTRAL-7B,H100,8,128,512,48.059,4433.7,4489.5,0.0,0.0,0.0,923.8333671651216,2514.12
MISTRAL-7B,H100,8,128,1024,48.013,8816.0,8875.4,0.0,0.0,0.0,929.2196007259528,4970.224
MISTRAL-7B,H100,8,128,2048,61.861,17918.0,17999.0,0.0,0.0,0.0,914.387766491796,10079.44
MISTRAL-7B,H100,8,256,32,61.151,311.51,377.07,0.0,0.0,0.0,821.803473403743,211.1592
MISTRAL-7B,H100,8,256,64,40.455,608.51,724.2,0.0,0.0,0.0,841.3994839854727,405.552
MISTRAL-7B,H100,8,256,128,47.922,1139.0,1216.5,0.0,0.0,0.0,899.0342405618964,681.24
MISTRAL-7B,H100,8,256,256,62.568,2216.0,2284.7,0.0,0.0,0.0,924.1877256317688,1279.432
MISTRAL-7B,H100,8,256,512,60.769,4403.0,4531.9,0.0,0.0,0.0,930.2748126277538,2537.864
MISTRAL-7B,H100,8,256,1024,39.067,9012.6,9154.6,0.0,0.0,0.0,908.9496926525088,5126.576
MISTRAL-7B,H100,8,256,2048,60.755,18327.0,18407.0,0.0,0.0,0.0,893.981557265237,10307.92
MISTRAL-7B,H100,8,512,32,102.07,329.0,435.7,0.0,0.0,0.0,778.1155015197569,243.992
MISTRAL-7B,H100,8,512,64,85.297,621.69,711.78,0.0,0.0,0.0,823.5615821390081,398.5968
MISTRAL-7B,H100,8,512,128,102.44,1166.5,1274.3,0.0,0.0,0.0,877.8396913844834,713.608
MISTRAL-7B,H100,8,512,256,61.655,2298.3,2372.3,0.0,0.0,0.0,891.0934168733411,1328.488
MISTRAL-7B,H100,8,512,512,86.106,4485.2,4579.4,0.0,0.0,0.0,913.2257201462588,2564.464
MISTRAL-7B,H100,8,512,1024,117.68,8953.1,9096.1,0.0,0.0,0.0,914.9903385419576,5093.816
MISTRAL-7B,H100,8,512,2048,61.353,18131.0,18281.0,0.0,0.0,0.0,903.6456897027192,10237.36
MISTRAL-7B,H100,8,1024,32,182.92,385.7,573.37,0.0,0.0,0.0,663.7282862328235,321.0872
MISTRAL-7B,H100,8,1024,64,86.108,765.0,922.39,0.0,0.0,0.0,669.281045751634,516.5383999999999
MISTRAL-7B,H100,8,1024,128,51.537,1352.2,1458.7,0.0,0.0,0.0,757.2844253808607,816.872
MISTRAL-7B,H100,8,1024,256,150.54,2373.0,2529.7,0.0,0.0,0.0,863.0425621576064,1416.632
MISTRAL-7B,H100,8,1024,512,86.303,4695.2,4789.2,0.0,0.0,0.0,872.3803032884648,2681.952
MISTRAL-7B,H100,8,1024,1024,148.44,9359.1,9519.1,0.0,0.0,0.0,875.2978384673739,5330.696
MISTRAL-7B,H100,8,1024,2048,212.64,18784.0,19036.0,0.0,0.0,0.0,872.2316865417376,10660.16
MISTRAL-7B,H100,8,2048,32,285.15,563.05,867.46,0.0,0.0,0.0,454.66654826391976,485.7776
MISTRAL-7B,H100,8,2048,64,154.63,989.03,1163.4,0.0,0.0,0.0,517.6789379493039,651.504
MISTRAL-7B,H100,8,2048,128,350.68,1370.2,1733.8,0.0,0.0,0.0,747.3361553057947,970.928
MISTRAL-7B,H100,8,2048,256,284.67,2583.7,2874.8,0.0,0.0,0.0,792.6616867283354,1609.888
MISTRAL-7B,H100,8,2048,512,77.16,5175.6,5323.7,0.0,0.0,0.0,791.4058273436896,2981.272
MISTRAL-7B,H100,8,2048,1024,284.51,9642.5,9939.1,0.0,0.0,0.0,849.572206378014,5565.896
MISTRAL-7B,H100,8,2048,2048,348.73,19471.0,19840.0,0.0,0.0,0.0,841.4565250885933,11110.4
MISTRAL-7B,H100,16,32,32,49.992,291.1,423.84,0.0,0.0,0.0,1758.845757471659,237.3504
MISTRAL-7B,H100,16,32,64,50.861,564.25,716.11,0.0,0.0,0.0,1814.7984049623396,401.0216
MISTRAL-7B,H100,16,32,128,50.262,1114.9,1170.5,0.0,0.0,0.0,1836.9360480760604,655.48
MISTRAL-7B,H100,16,32,256,50.01,2223.1,2352.9,0.0,0.0,0.0,1842.4722234717287,1317.624
MISTRAL-7B,H100,16,32,512,49.576,4483.0,4540.6,0.0,0.0,0.0,1827.347758197636,2542.736
MISTRAL-7B,H100,16,32,1024,50.092,9131.0,9263.6,0.0,0.0,0.0,1794.327017851276,5187.616
MISTRAL-7B,H100,16,32,2048,49.942,18810.0,18954.0,0.0,0.0,0.0,1742.0520999468367,10614.24
MISTRAL-7B,H100,16,64,32,49.674,306.99,375.63,0.0,0.0,0.0,1667.8067689501286,210.3528
MISTRAL-7B,H100,16,64,64,50.713,578.51,634.27,0.0,0.0,0.0,1770.0644759814006,355.19120000000004
MISTRAL-7B,H100,16,64,128,50.514,1137.5,1196.9,0.0,0.0,0.0,1800.4395604395604,670.264
MISTRAL-7B,H100,16,64,256,50.452,2257.2,2314.3,0.0,0.0,0.0,1814.6376041112885,1296.008
MISTRAL-7B,H100,16,64,512,50.982,4487.2,4595.4,0.0,0.0,0.0,1825.637368514887,2573.424
MISTRAL-7B,H100,16,64,1024,50.538,9416.9,9479.5,0.0,0.0,0.0,1739.8506939651054,5308.52
MISTRAL-7B,H100,16,64,2048,50.637,19053.0,19123.0,0.0,0.0,0.0,1719.834146853514,10708.88
MISTRAL-7B,H100,16,128,32,48.873,332.97,386.75,0.0,0.0,0.0,1537.676066912935,216.58
MISTRAL-7B,H100,16,128,64,50.226,614.84,682.8,0.0,0.0,0.0,1665.47394444083,382.368
MISTRAL-7B,H100,16,128,128,38.8,1169.8,1260.7,0.0,0.0,0.0,1750.7266199350315,705.992
MISTRAL-7B,H100,16,128,256,49.909,2281.4,2346.0,0.0,0.0,0.0,1795.3887963531165,1313.76
MISTRAL-7B,H100,16,128,512,48.992,4540.3,4597.6,0.0,0.0,0.0,1804.286060392485,2574.656
MISTRAL-7B,H100,16,128,1024,62.051,9238.2,9365.3,0.0,0.0,0.0,1773.505661276006,5244.568
MISTRAL-7B,H100,16,128,2048,49.896,19234.0,19330.0,0.0,0.0,0.0,1703.6497868358117,10824.8
MISTRAL-7B,H100,16,256,32,62.476,385.32,452.77,0.0,0.0,0.0,1328.7657012353368,253.5512
MISTRAL-7B,H100,16,256,64,62.492,663.71,733.56,0.0,0.0,0.0,1542.8425065164,410.7936
MISTRAL-7B,H100,16,256,128,48.97,1240.3,1359.5,0.0,0.0,0.0,1651.213416109006,761.32
MISTRAL-7B,H100,16,256,256,40.327,2381.1,2514.2,0.0,0.0,0.0,1720.2133467725002,1407.952
MISTRAL-7B,H100,16,256,512,63.746,4620.6,4735.5,0.0,0.0,0.0,1772.9299225208847,2651.88
MISTRAL-7B,H100,16,256,1024,62.043,9381.3,9455.8,0.0,0.0,0.0,1746.453050216921,5295.248
MISTRAL-7B,H100,16,256,2048,48.762,19575.0,19643.0,0.0,0.0,0.0,1673.9719029374205,11000.08
MISTRAL-7B,H100,16,512,32,85.829,486.33,577.24,0.0,0.0,0.0,1052.7830896716223,323.25440000000003
MISTRAL-7B,H100,16,512,64,103.07,759.77,872.62,0.0,0.0,0.0,1347.7763007225872,488.6672
MISTRAL-7B,H100,16,512,128,62.044,1373.1,1447.1,0.0,0.0,0.0,1491.5155487582842,810.376
MISTRAL-7B,H100,16,512,256,62.308,2522.8,2591.7,0.0,0.0,0.0,1623.592833359759,1451.352
MISTRAL-7B,H100,16,512,512,118.87,4790.2,4947.8,0.0,0.0,0.0,1710.1582397394682,2770.768
MISTRAL-7B,H100,16,512,1024,62.008,9668.7,9820.1,0.0,0.0,0.0,1694.5401139760256,5499.256
MISTRAL-7B,H100,16,512,2048,62.046,19797.0,19908.0,0.0,0.0,0.0,1655.200282871142,11148.48
MISTRAL-7B,H100,16,1024,32,51.288,789.15,896.99,0.0,0.0,0.0,648.7993410631692,502.3144
MISTRAL-7B,H100,16,1024,64,87.117,1055.8,1148.0,0.0,0.0,0.0,969.8806592157606,642.88
MISTRAL-7B,H100,16,1024,128,88.256,1647.0,1810.3,0.0,0.0,0.0,1243.472981177899,1013.768
MISTRAL-7B,H100,16,1024,256,117.94,2815.4,2940.2,0.0,0.0,0.0,1454.8554379484265,1646.512
MISTRAL-7B,H100,16,1024,512,184.74,5086.3,5280.0,0.0,0.0,0.0,1610.6010262862983,2956.8
MISTRAL-7B,H100,16,1024,1024,153.25,10086.0,10308.0,0.0,0.0,0.0,1624.4299028356138,5772.48
MISTRAL-7B,H100,16,1024,2048,52.569,20724.0,20867.0,0.0,0.0,0.0,1581.161937849836,11685.52
MISTRAL-7B,H100,16,2048,32,286.57,1164.1,1456.0,0.0,0.0,0.0,439.82475732325406,815.36
MISTRAL-7B,H100,16,2048,64,351.98,1405.1,1762.7,0.0,0.0,0.0,728.7737527578108,987.112
MISTRAL-7B,H100,16,2048,128,156.74,2246.2,2433.2,0.0,0.0,0.0,911.7620870804026,1362.592
MISTRAL-7B,H100,16,2048,256,283.4,3361.4,3651.7,0.0,0.0,0.0,1218.5398940917476,2044.952
MISTRAL-7B,H100,16,2048,512,284.57,5909.4,6202.5,0.0,0.0,0.0,1386.265949165736,3473.4
MISTRAL-7B,H100,16,2048,1024,351.27,10961.0,11348.0,0.0,0.0,0.0,1494.7541282729678,6354.88
MISTRAL-7B,H100,16,2048,2048,415.17,22175.0,22635.0,0.0,0.0,0.0,1477.7001127395715,12675.6
LLAMA3-70B,DDR5-M16-R8-C8-8-A2,4,128,128,469.057,368.872,837.929,48.83,35.66,15.51,1388.02,512.35
LLAMA3-70B,DDR5-M16-R8-C8-8-A2,1,128,128,121.819,341.041,462.859,66.88,16.56,16.57,375.32,361.93
LLAMA3-70B,DDR5-M16-R8-C8-8-A2,8,128,128,937.639,698.086,1635.725,33.23,53.82,12.95,1466.87,689.59
LLAMA3-70B,DDR5-M16-R8-C8-8-A2,8,2048,2048,17085.944,13038.625,30124.569,31.67,48.3,20.03,1256.57,12215.94
LLAMA3-70B,DDR5-M16-R8-C8-8-A2,4,2048,128,8305.716,388.615,8694.331,33.65,56.75,9.61,1317.5,3329.78
LLAMA3-70B,DDR5-M16-R8-C8-8-A2,8,2048,128,16277.23,737.572,17014.802,29.6,57.69,12.71,1388.34,6322.01
LLAMA3-70B,DDR5-M16-R8-C8-8-A2,4,128,2048,459.612,6144.647,6604.259,71.99,7.95,20.06,1333.19,5723.71
LLAMA3-70B,DDR5-M16-R8-C8-8-A2,1,2048,128,2656.058,367.202,3023.26,44.43,48.75,6.82,348.58,1069.65
LLAMA3-70B,DDR5-M16-R8-C8-8-A2,1,2048,2048,2656.058,5952.372,8608.431,67.33,18.33,14.34,344.06,5976.37
LLAMA3-70B,DDR5-M16-R8-C8-8-A2,1,128,2048,121.819,5829.837,5951.655,78.4,3.03,18.57,351.3,5201.96
LLAMA3-70B,DDR5-M16-R8-C8-8-A2,4,2048,2048,8710.073,6838.912,15548.985,47.53,33.19,19.28,1197.85,8809.93
LLAMA3-70B,DDR5-M16-R8-C8-8-A2,8,128,2048,918.748,11650.095,12568.843,39.21,44.67,16.12,1406.34,6045.95
LLAMA2-7B,DDR5-M1-R4-C8-8-A2,4,128,2048,440.078,13799.848,14239.926,64.61,0.7,34.68,593.63,463.36
LLAMA2-7B,DDR5-M1-R4-C8-8-A2,4,2048,128,8034.596,982.321,9016.917,55.65,15.66,28.69,521.21,263.33
LLAMA2-7B,DDR5-M1-R4-C8-8-A2,4,128,128,440.078,722.499,1162.577,69.95,7.33,22.72,708.65,37.41
LLAMA2-7B,DDR5-M1-R4-C8-8-A2,4,2048,2048,8034.596,18140.476,26175.072,52.62,5.45,41.93,451.59,796.41
LLAMA2-7B,DDR5-M1-R4-C8-8-A2,8,128,128,880.203,763.688,1643.891,66.02,10.56,23.42,1340.86,51.29
LLAMA2-7B,DDR5-M1-R4-C8-8-A2,8,2048,2048,16065.506,25299.518,41365.024,43.82,6.87,49.31,647.6,1212.85
LLAMA2-7B,DDR5-M1-R4-C8-8-A2,1,128,2048,104.598,11710.506,11815.104,73.65,0.27,26.08,174.89,352.91
LLAMA2-7B,DDR5-M1-R4-C8-8-A2,8,2048,128,16065.506,1283.332,17348.838,53.97,15.93,30.09,797.92,503.08
LLAMA2-7B,DDR5-M1-R4-C8-8-A2,1,2048,128,2146.153,774.822,2920.975,59.56,13.74,26.7,165.2,80.58
LLAMA2-7B,DDR5-M1-R4-C8-8-A2,8,128,2048,880.203,16618.262,17498.466,54.18,1.43,44.39,985.9,546.79
LLAMA2-7B,DDR5-M1-R4-C8-8-A2,1,2048,2048,2146.153,13167.205,15313.358,66.54,2.72,30.74,155.54,436.43
LLAMA2-7B,DDR5-M1-R4-C8-8-A2,1,128,128,104.598,680.74,785.338,75.45,2.2,22.35,188.03,24.05
LLAMA2-7B,DDR5-M4-R8-C4-8-A2,4,2048,2048,3083.986,6927.545,10011.531,38.48,11.29,50.22,1182.53,1054.54
LLAMA2-7B,DDR5-M4-R8-C4-8-A2,8,2048,2048,6168.012,10838.722,17006.734,29.97,13.39,56.65,1511.62,1718.79
LLAMA2-7B,DDR5-M4-R8-C4-8-A2,1,2048,2048,867.446,4188.807,5056.254,52.85,6.33,40.82,488.92,511.92
LLAMA2-7B,DDR5-M8-R4-C8-8-A2,8,2048,2048,4266.778,5627.984,9894.762,28.16,22.91,48.93,2911.17,1822.04
LLAMA2-7B,DDR5-M8-R4-C8-8-A2,1,2048,2048,546.691,2302.073,2848.764,59.89,11.15,28.96,889.63,554.74
LLAMA2-7B,DDR5-M8-R4-C8-8-A2,8,128,2048,242.31,3383.707,3626.017,40.27,6.56,53.17,4842.03,737.18
LLAMA2-7B,DDR5-M8-R4-C8-8-A2,4,128,2048,121.061,2497.761,2618.822,53.87,4.13,42.0,3279.74,588.93
LLAMA2-7B,DDR5-M8-R4-C8-8-A2,4,2048,128,2133.37,187.14,2320.51,32.88,46.79,20.34,2735.92,323.47
LLAMA2-7B,DDR5-M8-R4-C8-8-A2,4,128,128,119.354,115.635,234.99,52.9,28.6,18.5,4427.73,43.25
LLAMA2-7B,DDR5-M8-R4-C8-8-A2,1,128,128,29.608,112.287,141.895,69.23,13.27,17.49,1139.94,27.68
LLAMA2-7B,DDR5-M8-R4-C8-8-A2,1,128,2048,30.08,1991.59,2021.67,72.22,2.95,24.83,1028.32,419.4
LLAMA2-7B,DDR5-M8-R4-C8-8-A2,4,2048,2048,2133.37,3619.305,5752.675,36.86,19.58,43.55,2263.42,1131.36
LLAMA2-7B,DDR5-M8-R4-C8-8-A2,8,128,128,238.897,131.007,369.904,44.85,36.75,18.4,7816.38,59.15
LLAMA2-7B,DDR5-M8-R4-C8-8-A2,8,2048,128,4266.778,274.353,4541.131,31.29,47.67,21.04,3732.42,619.59
LLAMA2-7B,DDR5-M8-R4-C8-8-A2,1,2048,128,546.691,131.688,678.379,40.47,40.8,18.73,971.99,97.72
MISTRAL-7B,DDR5-M8-R4-C8-8-A2,1,2048,128,561.788,112.405,674.192,47.47,40.77,11.76,1138.74,94.3
MISTRAL-7B,DDR5-M8-R4-C8-8-A2,4,2048,2048,2104.907,2416.007,4520.914,49.78,23.32,26.9,3390.72,851.4
MISTRAL-7B,DDR5-M8-R4-C8-8-A2,8,2048,128,4177.608,171.048,4348.656,34.11,45.9,20.0,5986.62,587.18
MISTRAL-7B,DDR5-M8-R4-C8-8-A2,8,2048,2048,4177.608,3140.315,7317.923,39.88,28.67,31.45,5217.31,1243.89
MISTRAL-7B,DDR5-M8-R4-C8-8-A2,8,128,128,241.279,136.712,377.991,44.71,32.91,22.38,7490.2,58.72
MISTRAL-7B,DDR5-M8-R4-C8-8-A2,4,128,2048,120.545,2103.279,2223.825,65.75,4.6,29.65,3894.87,515.14
MISTRAL-7B,DDR5-M8-R4-C8-8-A2,4,128,128,120.545,120.834,241.379,52.69,25.45,21.86,4237.22,43.59
MISTRAL-7B,DDR5-M8-R4-C8-8-A2,1,128,128,30.14,106.431,136.571,65.0,12.73,22.27,1202.66,28.23
MISTRAL-7B,DDR5-M8-R4-C8-8-A2,4,2048,128,2104.907,138.002,2242.909,36.69,45.18,18.13,3710.09,307.85
MISTRAL-7B,DDR5-M8-R4-C8-8-A2,1,128,2048,30.14,1774.19,1804.33,72.34,3.23,24.43,1154.33,408.21
MISTRAL-7B,DDR5-M8-R4-C8-8-A2,1,2048,2048,561.788,1875.67,2437.458,66.95,12.95,20.09,1091.88,492.28
MISTRAL-7B,DDR5-M8-R4-C8-8-A2,8,128,2048,241.279,2514.859,2756.138,54.88,8.22,36.91,6514.88,571.43
LLAMA2-7B,DDR5-M4-R2-C16-8-A2,1,2048,2048,783.299,3416.164,4199.463,66.43,9.02,24.55,599.5,457.34
LLAMA2-7B,DDR5-M4-R2-C16-8-A2,4,2048,2048,3018.358,5298.079,8316.436,47.68,15.23,37.09,1546.22,837.48
LLAMA2-7B,DDR5-M4-R2-C16-8-A2,8,2048,2048,6035.349,7578.598,13613.947,38.11,18.48,43.41,2161.88,1284.67
LLAMA2-7B,DDR5-M4-R8-C8-8-A2,4,2048,2048,2132.846,3598.726,5731.572,37.49,19.73,42.78,2276.36,1131.18
LLAMA2-7B,DDR5-M4-R8-C8-8-A2,1,2048,2048,578.746,2415.49,2994.236,58.2,10.77,31.03,847.86,554.92
LLAMA2-7B,DDR5-M4-R8-C8-8-A2,8,2048,2048,4265.727,5587.155,9852.883,28.56,23.04,48.39,2932.44,1821.69
LLAMA2-7B,DDR5-M2-R4-C8-8-A2,8,128,2048,521.016,8786.398,9307.414,53.2,2.77,44.03,1864.7,569.23
LLAMA2-7B,DDR5-M2-R4-C8-8-A2,4,2048,2048,4689.088,9516.086,14205.174,50.21,8.92,40.88,860.86,826.3
LLAMA2-7B,DDR5-M2-R4-C8-8-A2,1,2048,128,1236.573,393.575,1630.149,55.06,20.33,24.61,325.22,81.91
LLAMA2-7B,DDR5-M2-R4-C8-8-A2,4,128,128,257.955,380.111,638.066,66.65,11.71,21.65,1346.97,38.08
LLAMA2-7B,DDR5-M2-R4-C8-8-A2,4,2048,128,4689.088,519.932,5209.02,50.31,23.54,26.15,984.74,269.02
LLAMA2-7B,DDR5-M2-R4-C8-8-A2,1,2048,2048,1236.573,6748.162,7984.736,64.65,4.66,30.69,303.49,442.36
LLAMA2-7B,DDR5-M2-R4-C8-8-A2,4,128,2048,257.955,7249.152,7507.108,63.96,1.53,34.51,1130.06,477.61
LLAMA2-7B,DDR5-M2-R4-C8-8-A2,8,128,128,521.016,405.843,926.859,61.25,16.82,21.94,2523.14,52.23
LLAMA2-7B,DDR5-M2-R4-C8-8-A2,8,2048,128,9378.21,685.486,10063.696,48.61,24.08,27.31,1493.83,514.09
LLAMA2-7B,DDR5-M2-R4-C8-8-A2,1,128,128,62.139,344.154,406.293,73.57,4.63,21.8,371.93,24.13
LLAMA2-7B,DDR5-M2-R4-C8-8-A2,8,2048,2048,9378.21,13320.266,22698.476,41.46,11.12,47.42,1230.01,1266.57
LLAMA2-7B,DDR5-M2-R4-C8-8-A2,1,128,2048,62.14,5945.102,6007.242,72.79,0.98,26.23,344.49,355.05
LLAMA3-70B,DDR5-M16-R4-C8-8-A2,8,2048,2048,20242.248,16252.405,36494.652,37.52,39.71,22.77,1008.1,10294.42
LLAMA3-70B,DDR5-M16-R4-C8-8-A2,4,2048,128,10213.02,614.612,10827.632,37.05,44.6,18.35,833.05,2790.84
LLAMA3-70B,DDR5-M16-R4-C8-8-A2,4,2048,2048,10213.02,10052.858,20265.878,51.43,24.95,23.62,814.89,7394.89
LLAMA3-70B,DDR5-M16-R4-C8-8-A2,4,128,2048,587.968,9731.087,10319.055,67.35,5.09,27.56,841.84,4768.19
LLAMA3-70B,DDR5-M16-R4-C8-8-A2,1,2048,128,2759.778,528.348,3288.127,47.32,40.64,12.03,242.26,871.68
LLAMA3-70B,DDR5-M16-R4-C8-8-A2,8,2048,128,20242.248,990.156,21232.404,34.11,45.95,19.94,1034.18,5302.15
LLAMA3-70B,DDR5-M16-R4-C8-8-A2,8,128,128,1175.915,914.173,2090.087,39.33,42.1,18.58,1120.14,571.15
LLAMA3-70B,DDR5-M16-R4-C8-8-A2,8,128,2048,1175.915,15608.863,16784.778,42.86,33.45,23.69,1049.66,5041.68
LLAMA3-70B,DDR5-M16-R4-C8-8-A2,4,128,128,587.968,576.62,1164.588,53.03,25.62,21.35,887.93,425.01
LLAMA3-70B,DDR5-M16-R4-C8-8-A2,1,128,128,146.941,514.855,661.796,65.38,11.73,22.89,248.61,279.75
LLAMA3-70B,DDR5-M16-R4-C8-8-A2,1,2048,2048,2759.778,8551.396,11311.175,65.7,12.73,21.57,239.49,4646.31
LLAMA3-70B,DDR5-M16-R4-C8-8-A2,1,128,2048,146.941,8468.427,8615.368,72.41,2.1,25.48,241.84,3988.96
LLAMA2-7B,DDR5-M4-R8-C16-8-A2,1,2048,2048,451.419,1453.87,1905.289,60.63,17.19,22.18,1408.65,706.63
LLAMA2-7B,DDR5-M4-R8-C16-8-A2,4,2048,2048,1681.962,1979.709,3661.671,37.81,31.14,31.05,4137.98,1229.83
LLAMA2-7B,DDR5-M4-R8-C16-8-A2,8,2048,2048,3358.822,3006.715,6365.537,28.13,35.77,36.1,5449.14,1954.64
